,X,year,owner,severity,salvage_area,total_area,salvage_rate,lsalvage_area,ltotal_area,step2005,step2004,step2003,step2002,step2001,step2000,step1999,step1998,step1997,step1996,step1995,step1994,step1993,step1992,step1991,trend1991,trend1992,trend1993,trend1994,trend1995,trend1996,trend1997,trend1998,trend1999,trend2000,trend2001,trend2002,trend2003,trend2004,trend2005,ptrend1994,ptrend1995,ptrend1996,ptrend1997,ptrend1998,ptrend1999,ptrend2000,ptrend2001,ptrend2002,ptrend2003,ptrend2004,ptrend2005,indzero.rate,indzero.total,indzero.salvage,pa1986,pa1987,pa1988,pa1989,pa1990,pa1991,pa1992,pa1993,pa1994,pa1995,pa1996,pa1997,pa1998,pa2000,pa2001,pa2003,pa2004,pa2005,pa2006,pa2009,pa2010,pa2011,pa2016
1,15,1986,Federal,High,496.7675995,3343.719959,14.85673458,1.863095072,3.298837407,0,0,0,0,0,0,0,0,0,0,0,0,0,0,0,0,0,0,0,0,0,0,0,0,0,0,0,0,0,0,-8,-9,-10,-11,-12,-13,-14,-15,-16,-17,-18,-19,0,0,0,1,0,0,0,0,0,0,0,0,0,0,0,0,0,0,0,0,0,0,0,0,0,0
2,16,1986,Federal,Low,38.45743087,816.7631683,4.708516785,1.797364404,3.063778658,0,0,0,0,0,0,0,0,0,0,0,0,0,0,0,0,0,0,0,0,0,0,0,0,0,0,0,0,0,0,-8,-9,-10,-11,-12,-13,-14,-15,-16,-17,-18,-19,0,0,0,1,0,0,0,0,0,0,0,0,0,0,0,0,0,0,0,0,0,0,0,0,0,0
3,17,1986,Federal,Moderate,281.604436,4003.836302,7.033365372,2.537642855,3.564734323,0,0,0,0,0,0,0,0,0,0,0,0,0,0,0,0,0,0,0,0,0,0,0,0,0,0,0,0,0,0,-8,-9,-10,-11,-12,-13,-14,-15,-16,-17,-18,-19,0,0,0,1,0,0,0,0,0,0,0,0,0,0,0,0,0,0,0,0,0,0,0,0,0,0
4,18,1986,Federal,Very low,77.46815564,2414.73667,3.208140937,2.107544859,2.847388308,0,0,0,0,0,0,0,0,0,0,0,0,0,0,0,0,0,0,0,0,0,0,0,0,0,0,0,0,0,0,-8,-9,-10,-11,-12,-13,-14,-15,-16,-17,-18,-19,0,0,0,1,0,0,0,0,0,0,0,0,0,0,0,0,0,0,0,0,0,0,0,0,0,0
5,31,1987,Federal,High,9533.488156,43065.50535,22.13717935,3.027005877,4.392895373,0,0,0,0,0,0,0,0,0,0,0,0,0,0,0,0,0,0,0,0,0,0,0,0,0,0,0,0,0,0,-7,-8,-9,-10,-11,-12,-13,-14,-15,-16,-17,-18,0,0,0,0,1,0,0,0,0,0,0,0,0,0,0,0,0,0,0,0,0,0,0,0,0,0
6,32,1987,Federal,Low,866.0915726,9943.064806,8.710509179,3.117038834,4.256722635,0,0,0,0,0,0,0,0,0,0,0,0,0,0,0,0,0,0,0,0,0,0,0,0,0,0,0,0,0,0,-7,-8,-9,-10,-11,-12,-13,-14,-15,-16,-17,-18,0,0,0,0,1,0,0,0,0,0,0,0,0,0,0,0,0,0,0,0,0,0,0,0,0,0
7,33,1987,Federal,Moderate,5959.186658,38786.12879,15.36422129,4.027145153,4.81772641,0,0,0,0,0,0,0,0,0,0,0,0,0,0,0,0,0,0,0,0,0,0,0,0,0,0,0,0,0,0,-7,-8,-9,-10,-11,-12,-13,-14,-15,-16,-17,-18,0,0,0,0,1,0,0,0,0,0,0,0,0,0,0,0,0,0,0,0,0,0,0,0,0,0
8,34,1987,Federal,Very low,1638.349962,30471.66019,5.376635049,3.440058942,4.284019061,0,0,0,0,0,0,0,0,0,0,0,0,0,0,0,0,0,0,0,0,0,0,0,0,0,0,0,0,0,0,-7,-8,-9,-10,-11,-12,-13,-14,-15,-16,-17,-18,0,0,0,0,1,0,0,0,0,0,0,0,0,0,0,0,0,0,0,0,0,0,0,0,0,0
9,47,1988,Federal,High,715.3333169,8097.481787,8.83402193,2.340786454,3.574066621,0,0,0,0,0,0,0,0,0,0,0,0,0,0,0,0,0,0,0,0,0,0,0,0,0,0,0,0,0,0,-6,-7,-8,-9,-10,-11,-12,-13,-14,-15,-16,-17,0,0,0,0,0,1,0,0,0,0,0,0,0,0,0,0,0,0,0,0,0,0,0,0,0,0
10,48,1988,Federal,Low,132.7165188,1538.99788,8.623567355,2.21419599,3.466044157,0,0,0,0,0,0,0,0,0,0,0,0,0,0,0,0,0,0,0,0,0,0,0,0,0,0,0,0,0,0,-6,-7,-8,-9,-10,-11,-12,-13,-14,-15,-16,-17,0,0,0,0,0,1,0,0,0,0,0,0,0,0,0,0,0,0,0,0,0,0,0,0,0,0
11,49,1988,Federal,Moderate,570.4287845,8649.286699,6.595096271,3.157032204,4.119544904,0,0,0,0,0,0,0,0,0,0,0,0,0,0,0,0,0,0,0,0,0,0,0,0,0,0,0,0,0,0,-6,-7,-8,-9,-10,-11,-12,-13,-14,-15,-16,-17,0,0,0,0,0,1,0,0,0,0,0,0,0,0,0,0,0,0,0,0,0,0,0,0,0,0
12,50,1988,Federal,Very low,382.2155608,3702.340124,10.32362095,2.78137507,3.626636743,0,0,0,0,0,0,0,0,0,0,0,0,0,0,0,0,0,0,0,0,0,0,0,0,0,0,0,0,0,0,-6,-7,-8,-9,-10,-11,-12,-13,-14,-15,-16,-17,0,0,0,0,0,1,0,0,0,0,0,0,0,0,0,0,0,0,0,0,0,0,0,0,0,0
13,63,1989,Federal,High,1112.504512,12596.95217,8.83153716,1.92707897,3.507725421,0,0,0,0,0,0,0,0,0,0,0,0,0,0,0,0,0,0,0,0,0,0,0,0,0,0,0,0,0,0,-5,-6,-7,-8,-9,-10,-11,-12,-13,-14,-15,-16,0,0,0,0,0,0,1,0,0,0,0,0,0,0,0,0,0,0,0,0,0,0,0,0,0,0
14,64,1989,Federal,Low,54.80088326,1082.424371,5.062790968,1.741757029,3.130790395,0,0,0,0,0,0,0,0,0,0,0,0,0,0,0,0,0,0,0,0,0,0,0,0,0,0,0,0,0,0,-5,-6,-7,-8,-9,-10,-11,-12,-13,-14,-15,-16,0,0,0,0,0,0,1,0,0,0,0,0,0,0,0,0,0,0,0,0,0,0,0,0,0,0
15,65,1989,Federal,Moderate,329.3588329,6495.099191,5.070882264,2.829904325,3.904079518,0,0,0,0,0,0,0,0,0,0,0,0,0,0,0,0,0,0,0,0,0,0,0,0,0,0,0,0,0,0,-5,-6,-7,-8,-9,-10,-11,-12,-13,-14,-15,-16,0,0,0,0,0,0,1,0,0,0,0,0,0,0,0,0,0,0,0,0,0,0,0,0,0,0
16,66,1989,Federal,Very low,238.3287647,4669.559667,5.103880916,2.937424592,3.776802622,0,0,0,0,0,0,0,0,0,0,0,0,0,0,0,0,0,0,0,0,0,0,0,0,0,0,0,0,0,0,-5,-6,-7,-8,-9,-10,-11,-12,-13,-14,-15,-16,0,0,0,0,0,0,1,0,0,0,0,0,0,0,0,0,0,0,0,0,0,0,0,0,0,0
17,79,1990,Federal,High,3311.374547,26568.37086,12.46359653,2.541645187,3.65982857,0,0,0,0,0,0,0,0,0,0,0,0,0,0,0,0,0,0,0,0,0,0,0,0,0,0,0,0,0,0,-4,-5,-6,-7,-8,-9,-10,-11,-12,-13,-14,-15,0,0,0,0,0,0,0,1,0,0,0,0,0,0,0,0,0,0,0,0,0,0,0,0,0,0
18,80,1990,Federal,Low,142.988955,1270.341217,11.25594864,2.543089435,3.469222057,0,0,0,0,0,0,0,0,0,0,0,0,0,0,0,0,0,0,0,0,0,0,0,0,0,0,0,0,0,0,-4,-5,-6,-7,-8,-9,-10,-11,-12,-13,-14,-15,0,0,0,0,0,0,0,1,0,0,0,0,0,0,0,0,0,0,0,0,0,0,0,0,0,0
19,81,1990,Federal,Moderate,983.0476287,8126.948773,12.09614649,3.294224484,4.092040141,0,0,0,0,0,0,0,0,0,0,0,0,0,0,0,0,0,0,0,0,0,0,0,0,0,0,0,0,0,0,-4,-5,-6,-7,-8,-9,-10,-11,-12,-13,-14,-15,0,0,0,0,0,0,0,1,0,0,0,0,0,0,0,0,0,0,0,0,0,0,0,0,0,0
20,82,1990,Federal,Very low,233.8018182,3271.352195,7.146947327,3.272476462,3.958934066,0,0,0,0,0,0,0,0,0,0,0,0,0,0,0,0,0,0,0,0,0,0,0,0,0,0,0,0,0,0,-4,-5,-6,-7,-8,-9,-10,-11,-12,-13,-14,-15,0,0,0,0,0,0,0,1,0,0,0,0,0,0,0,0,0,0,0,0,0,0,0,0,0,0
21,95,1991,Federal,High,39.51141848,234.1057903,16.87759129,0,0,0,0,0,0,0,0,0,0,0,0,0,0,0,0,1,0,0,0,0,0,0,0,0,0,0,0,0,0,0,0,-3,-4,-5,-6,-7,-8,-9,-10,-11,-12,-13,-14,1,1,1,0,0,0,0,0,1,0,0,0,0,0,0,0,0,0,0,0,0,0,0,0,0,0
22,96,1991,Federal,Low,4.911190748,25.10070181,19.56594993,0,0,0,0,0,0,0,0,0,0,0,0,0,0,0,0,1,0,0,0,0,0,0,0,0,0,0,0,0,0,0,0,-3,-4,-5,-6,-7,-8,-9,-10,-11,-12,-13,-14,1,1,1,0,0,0,0,0,1,0,0,0,0,0,0,0,0,0,0,0,0,0,0,0,0,0
23,97,1991,Federal,Moderate,19.35869267,88.20819445,21.94659214,0,0,0,0,0,0,0,0,0,0,0,0,0,0,0,0,1,0,0,0,0,0,0,0,0,0,0,0,0,0,0,0,-3,-4,-5,-6,-7,-8,-9,-10,-11,-12,-13,-14,1,1,1,0,0,0,0,0,1,0,0,0,0,0,0,0,0,0,0,0,0,0,0,0,0,0
24,98,1991,Federal,Very low,13.46136529,108.6463601,12.39007481,0,0,0,0,0,0,0,0,0,0,0,0,0,0,0,0,1,0,0,0,0,0,0,0,0,0,0,0,0,0,0,0,-3,-4,-5,-6,-7,-8,-9,-10,-11,-12,-13,-14,1,1,1,0,0,0,0,0,1,0,0,0,0,0,0,0,0,0,0,0,0,0,0,0,0,0
25,111,1992,Federal,High,3661.179277,13595.50204,26.92934226,2.829408263,3.690694126,0,0,0,0,0,0,0,0,0,0,0,0,0,1,1,1,0,0,0,0,0,0,0,0,0,0,0,0,0,0,-2,-3,-4,-5,-6,-7,-8,-9,-10,-11,-12,-13,0,0,0,0,0,0,0,0,0,1,0,0,0,0,0,0,0,0,0,0,0,0,0,0,0,0
26,112,1992,Federal,Low,26.28930638,821.8716105,3.198712067,2.731890531,3.558194795,0,0,0,0,0,0,0,0,0,0,0,0,0,1,1,1,0,0,0,0,0,0,0,0,0,0,0,0,0,0,-2,-3,-4,-5,-6,-7,-8,-9,-10,-11,-12,-13,0,0,0,0,0,0,0,0,0,1,0,0,0,0,0,0,0,0,0,0,0,0,0,0,0,0
27,113,1992,Federal,Moderate,407.8128288,5725.349641,7.122933172,3.859357872,4.465765367,0,0,0,0,0,0,0,0,0,0,0,0,0,1,1,1,0,0,0,0,0,0,0,0,0,0,0,0,0,0,-2,-3,-4,-5,-6,-7,-8,-9,-10,-11,-12,-13,0,0,0,0,0,0,0,0,0,1,0,0,0,0,0,0,0,0,0,0,0,0,0,0,0,0
28,114,1992,Federal,Very low,25.6743252,1918.775418,1.338057855,3.57809887,4.094079908,0,0,0,0,0,0,0,0,0,0,0,0,0,1,1,1,0,0,0,0,0,0,0,0,0,0,0,0,0,0,-2,-3,-4,-5,-6,-7,-8,-9,-10,-11,-12,-13,0,0,0,0,0,0,0,0,0,1,0,0,0,0,0,0,0,0,0,0,0,0,0,0,0,0
29,127,1993,Federal,High,0,0,0,0,0,0,0,0,0,0,0,0,0,0,0,0,0,1,1,1,2,1,0,0,0,0,0,0,0,0,0,0,0,0,0,-1,-2,-3,-4,-5,-6,-7,-8,-9,-10,-11,-12,1,1,1,0,0,0,0,0,0,0,1,0,0,0,0,0,0,0,0,0,0,0,0,0,0,0
30,128,1993,Federal,Low,0,0,0,0,0,0,0,0,0,0,0,0,0,0,0,0,0,1,1,1,2,1,0,0,0,0,0,0,0,0,0,0,0,0,0,-1,-2,-3,-4,-5,-6,-7,-8,-9,-10,-11,-12,1,1,1,0,0,0,0,0,0,0,1,0,0,0,0,0,0,0,0,0,0,0,0,0,0,0
31,129,1993,Federal,Moderate,0,0,0,0,0,0,0,0,0,0,0,0,0,0,0,0,0,1,1,1,2,1,0,0,0,0,0,0,0,0,0,0,0,0,0,-1,-2,-3,-4,-5,-6,-7,-8,-9,-10,-11,-12,1,1,1,0,0,0,0,0,0,0,1,0,0,0,0,0,0,0,0,0,0,0,0,0,0,0
32,130,1993,Federal,Very low,0,0,0,0,0,0,0,0,0,0,0,0,0,0,0,0,0,1,1,1,2,1,0,0,0,0,0,0,0,0,0,0,0,0,0,-1,-2,-3,-4,-5,-6,-7,-8,-9,-10,-11,-12,1,1,1,0,0,0,0,0,0,0,1,0,0,0,0,0,0,0,0,0,0,0,0,0,0,0
33,143,1994,Federal,High,2257.421137,14084.02346,16.02824039,1.082273918,3.258965764,0,0,0,0,0,0,0,0,0,0,0,1,1,1,1,3,2,1,0,0,0,0,0,0,0,0,0,0,0,0,0,-1,-2,-3,-4,-5,-6,-7,-8,-9,-10,-11,0,0,0,0,0,0,0,0,0,0,0,1,0,0,0,0,0,0,0,0,0,0,0,0,0,0
34,144,1994,Federal,Low,38.25159163,969.7698903,3.94439877,1.095218014,2.942722681,0,0,0,0,0,0,0,0,0,0,0,1,1,1,1,3,2,1,0,0,0,0,0,0,0,0,0,0,0,0,0,-1,-2,-3,-4,-5,-6,-7,-8,-9,-10,-11,0,0,0,0,0,0,0,0,0,0,0,1,0,0,0,0,0,0,0,0,0,0,0,0,0,0
35,145,1994,Federal,Moderate,456.6243478,7193.420724,6.347805381,2.529931816,3.669264984,0,0,0,0,0,0,0,0,0,0,0,1,1,1,1,3,2,1,0,0,0,0,0,0,0,0,0,0,0,0,0,-1,-2,-3,-4,-5,-6,-7,-8,-9,-10,-11,0,0,0,0,0,0,0,0,0,0,0,1,0,0,0,0,0,0,0,0,0,0,0,0,0,0
36,146,1994,Federal,Very low,216.7738091,3258.454482,6.652657274,2.542349268,3.374644725,0,0,0,0,0,0,0,0,0,0,0,1,1,1,1,3,2,1,0,0,0,0,0,0,0,0,0,0,0,0,0,-1,-2,-3,-4,-5,-6,-7,-8,-9,-10,-11,0,0,0,0,0,0,0,0,0,0,0,1,0,0,0,0,0,0,0,0,0,0,0,0,0,0
37,159,1995,Federal,High,35.45339558,137.758392,25.73592438,0,0,0,0,0,0,0,0,0,0,0,0,1,1,1,1,1,4,3,2,1,0,0,0,0,0,0,0,0,0,0,0,0,0,-1,-2,-3,-4,-5,-6,-7,-8,-9,-10,1,1,1,0,0,0,0,0,0,0,0,0,1,0,0,0,0,0,0,0,0,0,0,0,0,0
38,160,1995,Federal,Low,0,5.491765816,0,0,0,0,0,0,0,0,0,0,0,0,0,1,1,1,1,1,4,3,2,1,0,0,0,0,0,0,0,0,0,0,0,0,0,-1,-2,-3,-4,-5,-6,-7,-8,-9,-10,1,1,1,0,0,0,0,0,0,0,0,0,1,0,0,0,0,0,0,0,0,0,0,0,0,0
39,161,1995,Federal,Moderate,9.162691547,45.78541499,20.01224964,0,0,0,0,0,0,0,0,0,0,0,0,1,1,1,1,1,4,3,2,1,0,0,0,0,0,0,0,0,0,0,0,0,0,-1,-2,-3,-4,-5,-6,-7,-8,-9,-10,1,1,1,0,0,0,0,0,0,0,0,0,1,0,0,0,0,0,0,0,0,0,0,0,0,0
40,162,1995,Federal,Very low,0.066393939,42.08443256,0.157763656,0,0,0,0,0,0,0,0,0,0,0,0,1,1,1,1,1,4,3,2,1,0,0,0,0,0,0,0,0,0,0,0,0,0,-1,-2,-3,-4,-5,-6,-7,-8,-9,-10,1,1,1,0,0,0,0,0,0,0,0,0,1,0,0,0,0,0,0,0,0,0,0,0,0,0
41,175,1996,Federal,High,1368.731142,20815.40877,6.575566963,1.289596465,3.265749369,0,0,0,0,0,0,0,0,0,1,1,1,1,1,1,5,4,3,2,1,0,0,0,0,0,0,0,0,0,0,0,0,0,-1,-2,-3,-4,-5,-6,-7,-8,-9,0,0,0,0,0,0,0,0,0,0,0,0,0,1,0,0,0,0,0,0,0,0,0,0,0,0
42,176,1996,Federal,Low,10.26468368,1634.647589,0.627944748,1.269976583,3.146133584,0,0,0,0,0,0,0,0,0,1,1,1,1,1,1,5,4,3,2,1,0,0,0,0,0,0,0,0,0,0,0,0,0,-1,-2,-3,-4,-5,-6,-7,-8,-9,0,0,0,0,0,0,0,0,0,0,0,0,0,1,0,0,0,0,0,0,0,0,0,0,0,0
43,177,1996,Federal,Moderate,271.7915032,8052.219608,3.375361285,2.586594007,3.697958123,0,0,0,0,0,0,0,0,0,1,1,1,1,1,1,5,4,3,2,1,0,0,0,0,0,0,0,0,0,0,0,0,0,-1,-2,-3,-4,-5,-6,-7,-8,-9,0,0,0,0,0,0,0,0,0,0,0,0,0,1,0,0,0,0,0,0,0,0,0,0,0,0
44,178,1996,Federal,Very low,9.50438364,3586.827177,0.264980251,1.891469501,2.922195859,0,0,0,0,0,0,0,0,0,1,1,1,1,1,1,5,4,3,2,1,0,0,0,0,0,0,0,0,0,0,0,0,0,-1,-2,-3,-4,-5,-6,-7,-8,-9,0,0,0,0,0,0,0,0,0,0,0,0,0,1,0,0,0,0,0,0,0,0,0,0,0,0
45,191,1997,Federal,High,4.307859668,48.73654523,8.83907476,0.076363119,2.708999738,0,0,0,0,0,0,0,0,1,1,1,1,1,1,1,6,5,4,3,2,1,0,0,0,0,0,0,0,0,0,0,0,0,0,-1,-2,-3,-4,-5,-6,-7,-8,0,0,0,0,0,0,0,0,0,0,0,0,0,0,1,0,0,0,0,0,0,0,0,0,0,0
46,192,1997,Federal,Low,0,30.2459174,0,0.02312482,2.296349816,0,0,0,0,0,0,0,0,1,1,1,1,1,1,1,6,5,4,3,2,1,0,0,0,0,0,0,0,0,0,0,0,0,0,-1,-2,-3,-4,-5,-6,-7,-8,0,0,0,0,0,0,0,0,0,0,0,0,0,0,1,0,0,0,0,0,0,0,0,0,0,0
47,193,1997,Federal,Moderate,0.109666294,122.5175822,0.089510658,0.104018876,2.972984414,0,0,0,0,0,0,0,0,1,1,1,1,1,1,1,6,5,4,3,2,1,0,0,0,0,0,0,0,0,0,0,0,0,0,-1,-2,-3,-4,-5,-6,-7,-8,0,0,0,0,0,0,0,0,0,0,0,0,0,0,1,0,0,0,0,0,0,0,0,0,0,0
48,194,1997,Federal,Very low,0,91.41284841,0,1.014303796,3.185224317,0,0,0,0,0,0,0,0,1,1,1,1,1,1,1,6,5,4,3,2,1,0,0,0,0,0,0,0,0,0,0,0,0,0,-1,-2,-3,-4,-5,-6,-7,-8,0,0,0,0,0,0,0,0,0,0,0,0,0,0,1,0,0,0,0,0,0,0,0,0,0,0
49,207,1998,Federal,High,120.3505956,424.8106977,28.33040604,0,0,0,0,0,0,0,0,0,1,1,1,1,1,1,1,1,7,6,5,4,3,2,1,0,0,0,0,0,0,0,0,0,0,0,0,0,-1,-2,-3,-4,-5,-6,-7,1,1,1,0,0,0,0,0,0,0,0,0,0,0,0,1,0,0,0,0,0,0,0,0,0,0
50,208,1998,Federal,Low,3.61794357,51.00861849,7.092808387,0,0,0,0,0,0,0,0,0,1,1,1,1,1,1,1,1,7,6,5,4,3,2,1,0,0,0,0,0,0,0,0,0,0,0,0,0,-1,-2,-3,-4,-5,-6,-7,1,1,1,0,0,0,0,0,0,0,0,0,0,0,0,1,0,0,0,0,0,0,0,0,0,0
51,209,1998,Federal,Moderate,30.74189327,310.3777968,9.904668951,0,0,0,0,0,0,0,0,0,1,1,1,1,1,1,1,1,7,6,5,4,3,2,1,0,0,0,0,0,0,0,0,0,0,0,0,0,-1,-2,-3,-4,-5,-6,-7,1,1,1,0,0,0,0,0,0,0,0,0,0,0,0,1,0,0,0,0,0,0,0,0,0,0
52,210,1998,Federal,Very low,19.98358547,223.557869,8.938887082,0,0,0,0,0,0,0,0,0,1,1,1,1,1,1,1,1,7,6,5,4,3,2,1,0,0,0,0,0,0,0,0,0,0,0,0,0,-1,-2,-3,-4,-5,-6,-7,1,1,1,0,0,0,0,0,0,0,0,0,0,0,0,1,0,0,0,0,0,0,0,0,0,0
53,223,1999,Federal,High,387.0268059,4181.119461,9.256535469,2.473651929,4.032094176,0,0,0,0,0,0,1,1,1,1,1,1,1,1,1,8,7,6,5,4,3,2,1,0,0,0,0,0,0,0,0,0,0,0,0,0,-1,-2,-3,-4,-5,-6,0,0,0,0,0,0,0,0,0,0,0,0,0,0,0,0,0,0,0,0,0,0,0,0,0,0
54,224,1999,Federal,Low,19.34645543,2316.453333,0.835175704,2.217009881,3.539906403,0,0,0,0,0,0,1,1,1,1,1,1,1,1,1,8,7,6,5,4,3,2,1,0,0,0,0,0,0,0,0,0,0,0,0,0,-1,-2,-3,-4,-5,-6,0,0,0,0,0,0,0,0,0,0,0,0,0,0,0,0,0,0,0,0,0,0,0,0,0,0
55,225,1999,Federal,Moderate,180.9872928,5715.794489,3.16644157,2.705982209,3.788599004,0,0,0,0,0,0,1,1,1,1,1,1,1,1,1,8,7,6,5,4,3,2,1,0,0,0,0,0,0,0,0,0,0,0,0,0,-1,-2,-3,-4,-5,-6,0,0,0,0,0,0,0,0,0,0,0,0,0,0,0,0,0,0,0,0,0,0,0,0,0,0
56,226,1999,Federal,Very low,66.73946272,10483.2794,0.636627721,2.05914835,3.128499109,0,0,0,0,0,0,1,1,1,1,1,1,1,1,1,8,7,6,5,4,3,2,1,0,0,0,0,0,0,0,0,0,0,0,0,0,-1,-2,-3,-4,-5,-6,0,0,0,0,0,0,0,0,0,0,0,0,0,0,0,0,0,0,0,0,0,0,0,0,0,0
57,239,2000,Federal,High,487.0076397,9900.057875,4.91924033,0.082932042,3.28016021,0,0,0,0,0,1,1,1,1,1,1,1,1,1,1,9,8,7,6,5,4,3,2,1,0,0,0,0,0,0,0,0,0,0,0,0,0,-1,-2,-3,-4,-5,0,0,0,0,0,0,0,0,0,0,0,0,0,0,0,0,1,0,0,0,0,0,0,0,0,0
58,240,2000,Federal,Low,13.51104002,1487.688969,0.908189837,0.200025256,3.099307259,0,0,0,0,0,1,1,1,1,1,1,1,1,1,1,9,8,7,6,5,4,3,2,1,0,0,0,0,0,0,0,0,0,0,0,0,0,-1,-2,-3,-4,-5,0,0,0,0,0,0,0,0,0,0,0,0,0,0,0,0,1,0,0,0,0,0,0,0,0,0
59,241,2000,Federal,Moderate,87.44211938,7402.989891,1.181173022,1.112160834,3.619750874,0,0,0,0,0,1,1,1,1,1,1,1,1,1,1,9,8,7,6,5,4,3,2,1,0,0,0,0,0,0,0,0,0,0,0,0,0,-1,-2,-3,-4,-5,0,0,0,0,0,0,0,0,0,0,0,0,0,0,0,0,1,0,0,0,0,0,0,0,0,0
60,242,2000,Federal,Very low,133.5678198,7509.002495,1.77876915,1.494275755,3.157847715,0,0,0,0,0,1,1,1,1,1,1,1,1,1,1,9,8,7,6,5,4,3,2,1,0,0,0,0,0,0,0,0,0,0,0,0,0,-1,-2,-3,-4,-5,0,0,0,0,0,0,0,0,0,0,0,0,0,0,0,0,1,0,0,0,0,0,0,0,0,0
61,255,2001,Federal,High,1543.008573,25402.1276,6.074328093,2.206032063,3.971950091,0,0,0,0,1,1,1,1,1,1,1,1,1,1,1,10,9,8,7,6,5,4,3,2,1,0,0,0,0,0,0,0,0,0,0,0,0,0,-1,-2,-3,-4,0,0,0,0,0,0,0,0,0,0,0,0,0,0,0,0,0,1,0,0,0,0,0,0,0,0
62,256,2001,Federal,Low,36.52343388,2599.440749,1.405049678,2.298169288,3.792987062,0,0,0,0,1,1,1,1,1,1,1,1,1,1,1,10,9,8,7,6,5,4,3,2,1,0,0,0,0,0,0,0,0,0,0,0,0,0,-1,-2,-3,-4,0,0,0,0,0,0,0,0,0,0,0,0,0,0,0,0,0,1,0,0,0,0,0,0,0,0
63,257,2001,Federal,Moderate,358.4297215,13358.14175,2.683230409,3.267097752,4.443539659,0,0,0,0,1,1,1,1,1,1,1,1,1,1,1,10,9,8,7,6,5,4,3,2,1,0,0,0,0,0,0,0,0,0,0,0,0,0,-1,-2,-3,-4,0,0,0,0,0,0,0,0,0,0,0,0,0,0,0,0,0,1,0,0,0,0,0,0,0,0
64,258,2001,Federal,Very low,48.01967331,5730.696984,0.837937749,3.084679763,4.080785478,0,0,0,0,1,1,1,1,1,1,1,1,1,1,1,10,9,8,7,6,5,4,3,2,1,0,0,0,0,0,0,0,0,0,0,0,0,0,-1,-2,-3,-4,0,0,0,0,0,0,0,0,0,0,0,0,0,0,0,0,0,1,0,0,0,0,0,0,0,0
65,271,2002,Federal,High,3338.320819,54728.98916,6.099730453,2.424040958,4.527884176,0,0,0,1,1,1,1,1,1,1,1,1,1,1,1,11,10,9,8,7,6,5,4,3,2,1,0,0,0,0,0,0,0,0,0,0,0,0,0,-1,-2,-3,0,0,0,0,0,0,0,0,0,0,0,0,0,0,0,0,0,0,0,0,0,0,0,0,0,0
66,272,2002,Federal,Low,80.52709047,8053.271531,0.999930155,2.566142554,4.243365821,0,0,0,1,1,1,1,1,1,1,1,1,1,1,1,11,10,9,8,7,6,5,4,3,2,1,0,0,0,0,0,0,0,0,0,0,0,0,0,-1,-2,-3,0,0,0,0,0,0,0,0,0,0,0,0,0,0,0,0,0,0,0,0,0,0,0,0,0,0
67,273,2002,Federal,Moderate,698.0255489,34291.21583,2.035581218,3.308425868,4.710300502,0,0,0,1,1,1,1,1,1,1,1,1,1,1,1,11,10,9,8,7,6,5,4,3,2,1,0,0,0,0,0,0,0,0,0,0,0,0,0,-1,-2,-3,0,0,0,0,0,0,0,0,0,0,0,0,0,0,0,0,0,0,0,0,0,0,0,0,0,0
68,274,2002,Federal,Very low,116.6362337,36602.83579,0.318653545,3.277482332,4.448531267,0,0,0,1,1,1,1,1,1,1,1,1,1,1,1,11,10,9,8,7,6,5,4,3,2,1,0,0,0,0,0,0,0,0,0,0,0,0,0,-1,-2,-3,0,0,0,0,0,0,0,0,0,0,0,0,0,0,0,0,0,0,0,0,0,0,0,0,0,0
69,287,2003,Federal,High,737.2316532,7446.215472,9.900756378,1.28529375,3.519773383,0,0,1,1,1,1,1,1,1,1,1,1,1,1,1,12,11,10,9,8,7,6,5,4,3,2,1,0,0,0,0,0,0,0,0,0,0,0,0,0,-1,-2,0,0,0,0,0,0,0,0,0,0,0,0,0,0,0,0,0,0,1,0,0,0,0,0,0,0
70,288,2003,Federal,Low,5.750129131,1129.675594,0.509007113,0.682206498,3.227951724,0,0,1,1,1,1,1,1,1,1,1,1,1,1,1,12,11,10,9,8,7,6,5,4,3,2,1,0,0,0,0,0,0,0,0,0,0,0,0,0,-1,-2,0,0,0,0,0,0,0,0,0,0,0,0,0,0,0,0,0,0,1,0,0,0,0,0,0,0
71,289,2003,Federal,Moderate,92.75793478,4577.154226,2.026541606,2.258796902,3.794090162,0,0,1,1,1,1,1,1,1,1,1,1,1,1,1,12,11,10,9,8,7,6,5,4,3,2,1,0,0,0,0,0,0,0,0,0,0,0,0,0,-1,-2,0,0,0,0,0,0,0,0,0,0,0,0,0,0,0,0,0,0,1,0,0,0,0,0,0,0
72,290,2003,Federal,Very low,23.19882795,4519.32622,0.513324926,2.656696745,3.65543304,0,0,1,1,1,1,1,1,1,1,1,1,1,1,1,12,11,10,9,8,7,6,5,4,3,2,1,0,0,0,0,0,0,0,0,0,0,0,0,0,-1,-2,0,0,0,0,0,0,0,0,0,0,0,0,0,0,0,0,0,0,1,0,0,0,0,0,0,0
73,303,2004,Federal,High,727.7276378,10538.23895,6.905590597,2.250875141,3.33243861,0,1,1,1,1,1,1,1,1,1,1,1,1,1,1,13,12,11,10,9,8,7,6,5,4,3,2,1,0,0,0,0,0,0,0,0,0,0,0,0,0,-1,0,0,0,0,0,0,0,0,0,0,0,0,0,0,0,0,0,0,0,1,0,0,0,0,0,0
74,304,2004,Federal,Low,32.74827266,1367.216579,2.395251285,2.07691863,3.125860232,0,1,1,1,1,1,1,1,1,1,1,1,1,1,1,13,12,11,10,9,8,7,6,5,4,3,2,1,0,0,0,0,0,0,0,0,0,0,0,0,0,-1,0,0,0,0,0,0,0,0,0,0,0,0,0,0,0,0,0,0,0,1,0,0,0,0,0,0
75,305,2004,Federal,Moderate,303.0345816,7333.713066,4.132075783,2.781838327,3.799832051,0,1,1,1,1,1,1,1,1,1,1,1,1,1,1,13,12,11,10,9,8,7,6,5,4,3,2,1,0,0,0,0,0,0,0,0,0,0,0,0,0,-1,0,0,0,0,0,0,0,0,0,0,0,0,0,0,0,0,0,0,0,1,0,0,0,0,0,0
76,306,2004,Federal,Very low,53.95635468,4236.997828,1.273457218,2.489899932,3.611904805,0,1,1,1,1,1,1,1,1,1,1,1,1,1,1,13,12,11,10,9,8,7,6,5,4,3,2,1,0,0,0,0,0,0,0,0,0,0,0,0,0,-1,0,0,0,0,0,0,0,0,0,0,0,0,0,0,0,0,0,0,0,1,0,0,0,0,0,0
77,319,2005,Federal,High,100.5478882,5211.578427,1.929317376,0.412445671,3.569803484,1,1,1,1,1,1,1,1,1,1,1,1,1,1,1,14,13,12,11,10,9,8,7,6,5,4,3,2,1,0,0,0,0,0,0,0,0,0,0,0,0,0,0,0,0,0,0,0,0,0,0,0,0,0,0,0,0,0,0,0,0,0,1,0,0,0,0,0
78,320,2005,Federal,Low,74.39255249,1032.730182,7.203483907,0.857854897,3.018321801,1,1,1,1,1,1,1,1,1,1,1,1,1,1,1,14,13,12,11,10,9,8,7,6,5,4,3,2,1,0,0,0,0,0,0,0,0,0,0,0,0,0,0,0,0,0,0,0,0,0,0,0,0,0,0,0,0,0,0,0,0,0,1,0,0,0,0,0
79,321,2005,Federal,Moderate,168.2874864,4810.5085,3.498330507,1.493971537,3.104303279,1,1,1,1,1,1,1,1,1,1,1,1,1,1,1,14,13,12,11,10,9,8,7,6,5,4,3,2,1,0,0,0,0,0,0,0,0,0,0,0,0,0,0,0,0,0,0,0,0,0,0,0,0,0,0,0,0,0,0,0,0,0,1,0,0,0,0,0
80,322,2005,Federal,Very low,264.5302402,3456.217934,7.653748845,0.969342842,1.996442611,1,1,1,1,1,1,1,1,1,1,1,1,1,1,1,14,13,12,11,10,9,8,7,6,5,4,3,2,1,0,0,0,0,0,0,0,0,0,0,0,0,0,0,0,0,0,0,0,0,0,0,0,0,0,0,0,0,0,0,0,0,0,1,0,0,0,0,0
81,335,2006,Federal,High,1220.571811,16964.22646,7.194974751,2.080696725,4.138644659,1,1,1,1,1,1,1,1,1,1,1,1,1,1,1,15,14,13,12,11,10,9,8,7,6,5,4,3,2,1,0,0,0,0,0,0,0,0,0,0,0,0,0,0,0,0,0,0,0,0,0,0,0,0,0,0,0,0,0,0,0,0,0,0,0,0,0,0
82,336,2006,Federal,Low,45.78103023,4392.737606,1.042198154,2.284526866,3.77040182,1,1,1,1,1,1,1,1,1,1,1,1,1,1,1,15,14,13,12,11,10,9,8,7,6,5,4,3,2,1,0,0,0,0,0,0,0,0,0,0,0,0,0,0,0,0,0,0,0,0,0,0,0,0,0,0,0,0,0,0,0,0,0,0,0,0,0,0
83,337,2006,Federal,Moderate,290.4831458,15271.60831,1.902112337,2.883778451,4.108136808,1,1,1,1,1,1,1,1,1,1,1,1,1,1,1,15,14,13,12,11,10,9,8,7,6,5,4,3,2,1,0,0,0,0,0,0,0,0,0,0,0,0,0,0,0,0,0,0,0,0,0,0,0,0,0,0,0,0,0,0,0,0,0,0,0,0,0,0
84,338,2006,Federal,Very low,177.6800638,21662.62085,0.820214991,1.931472963,3.531289717,1,1,1,1,1,1,1,1,1,1,1,1,1,1,1,15,14,13,12,11,10,9,8,7,6,5,4,3,2,1,0,0,0,0,0,0,0,0,0,0,0,0,0,0,0,0,0,0,0,0,0,0,0,0,0,0,0,0,0,0,0,0,0,0,0,0,0,0
85,351,2007,Federal,High,1850.575434,33076.01784,5.594916061,2.780138278,4.019911069,1,1,1,1,1,1,1,1,1,1,1,1,1,1,1,16,15,14,13,12,11,10,9,8,7,6,5,4,3,2,0,0,0,0,0,0,0,0,0,0,0,0,0,0,0,0,0,0,0,0,0,0,0,0,0,0,0,0,0,0,0,0,0,0,0,0,0,0
86,352,2007,Federal,Low,35.57356728,6142.357076,0.57915173,2.591119421,3.733442207,1,1,1,1,1,1,1,1,1,1,1,1,1,1,1,16,15,14,13,12,11,10,9,8,7,6,5,4,3,2,0,0,0,0,0,0,0,0,0,0,0,0,0,0,0,0,0,0,0,0,0,0,0,0,0,0,0,0,0,0,0,0,0,0,0,0,0,0
87,353,2007,Federal,Moderate,410.0244866,28847.25311,1.421364055,3.57429571,4.427480013,1,1,1,1,1,1,1,1,1,1,1,1,1,1,1,16,15,14,13,12,11,10,9,8,7,6,5,4,3,2,0,0,0,0,0,0,0,0,0,0,0,0,0,0,0,0,0,0,0,0,0,0,0,0,0,0,0,0,0,0,0,0,0,0,0,0,0,0
88,354,2007,Federal,Very low,105.3038774,16842.94166,0.625210724,3.270449013,3.950271974,1,1,1,1,1,1,1,1,1,1,1,1,1,1,1,16,15,14,13,12,11,10,9,8,7,6,5,4,3,2,0,0,0,0,0,0,0,0,0,0,0,0,0,0,0,0,0,0,0,0,0,0,0,0,0,0,0,0,0,0,0,0,0,0,0,0,0,0
89,367,2008,Federal,High,2017.714177,36121.40761,5.585923447,3.074231764,4.954094676,1,1,1,1,1,1,1,1,1,1,1,1,1,1,1,17,16,15,14,13,12,11,10,9,8,7,6,5,4,3,0,0,0,0,0,0,0,0,0,0,0,0,0,0,0,0,0,0,0,0,0,0,0,0,0,0,0,0,0,0,0,0,0,0,0,0,0,0
90,368,2008,Federal,Low,54.91193766,15697.10427,0.349822086,2.974414926,4.647304934,1,1,1,1,1,1,1,1,1,1,1,1,1,1,1,17,16,15,14,13,12,11,10,9,8,7,6,5,4,3,0,0,0,0,0,0,0,0,0,0,0,0,0,0,0,0,0,0,0,0,0,0,0,0,0,0,0,0,0,0,0,0,0,0,0,0,0,0
91,369,2008,Federal,Moderate,504.2725047,42027.32104,1.199868305,3.556607083,4.932550996,1,1,1,1,1,1,1,1,1,1,1,1,1,1,1,17,16,15,14,13,12,11,10,9,8,7,6,5,4,3,0,0,0,0,0,0,0,0,0,0,0,0,0,0,0,0,0,0,0,0,0,0,0,0,0,0,0,0,0,0,0,0,0,0,0,0,0,0
92,370,2008,Federal,Very low,125.3568034,60315.95464,0.207833573,3.313815653,4.469016361,1,1,1,1,1,1,1,1,1,1,1,1,1,1,1,17,16,15,14,13,12,11,10,9,8,7,6,5,4,3,0,0,0,0,0,0,0,0,0,0,0,0,0,0,0,0,0,0,0,0,0,0,0,0,0,0,0,0,0,0,0,0,0,0,0,0,0,0
93,383,2009,Federal,High,870.2246862,7797.297585,11.16059348,1.721389548,3.945220707,1,1,1,1,1,1,1,1,1,1,1,1,1,1,1,18,17,16,15,14,13,12,11,10,9,8,7,6,5,4,0,0,0,0,0,0,0,0,0,0,0,0,0,0,0,0,0,0,0,0,0,0,0,0,0,0,0,0,0,0,0,0,0,0,1,0,0,0
94,384,2009,Federal,Low,25.16862623,2833.580763,0.888226888,2.038738912,3.829855586,1,1,1,1,1,1,1,1,1,1,1,1,1,1,1,18,17,16,15,14,13,12,11,10,9,8,7,6,5,4,0,0,0,0,0,0,0,0,0,0,0,0,0,0,0,0,0,0,0,0,0,0,0,0,0,0,0,0,0,0,0,0,0,0,1,0,0,0
95,385,2009,Federal,Moderate,475.5860026,9383.886686,5.068113229,2.989975792,4.162531827,1,1,1,1,1,1,1,1,1,1,1,1,1,1,1,18,17,16,15,14,13,12,11,10,9,8,7,6,5,4,0,0,0,0,0,0,0,0,0,0,0,0,0,0,0,0,0,0,0,0,0,0,0,0,0,0,0,0,0,0,0,0,0,0,1,0,0,0
96,386,2009,Federal,Very low,43.98866563,9151.847798,0.480653378,2.357329049,3.553991294,1,1,1,1,1,1,1,1,1,1,1,1,1,1,1,18,17,16,15,14,13,12,11,10,9,8,7,6,5,4,0,0,0,0,0,0,0,0,0,0,0,0,0,0,0,0,0,0,0,0,0,0,0,0,0,0,0,0,0,0,0,0,0,0,1,0,0,0
97,399,2010,Federal,High,117.4987207,3742.682553,3.13942524,0.468523219,3.650758207,1,1,1,1,1,1,1,1,1,1,1,1,1,1,1,19,18,17,16,15,14,13,12,11,10,9,8,7,6,5,0,0,0,0,0,0,0,0,0,0,0,0,0,0,0,0,0,0,0,0,0,0,0,0,0,0,0,0,0,0,0,0,0,0,0,1,0,0
98,400,2010,Federal,Low,1.787109355,508.6553302,0.351339944,0.554118544,3.172119688,1,1,1,1,1,1,1,1,1,1,1,1,1,1,1,19,18,17,16,15,14,13,12,11,10,9,8,7,6,5,0,0,0,0,0,0,0,0,0,0,0,0,0,0,0,0,0,0,0,0,0,0,0,0,0,0,0,0,0,0,0,0,0,0,0,1,0,0
99,401,2010,Federal,Moderate,14.30853458,2073.642642,0.690019307,1.899234328,3.631646093,1,1,1,1,1,1,1,1,1,1,1,1,1,1,1,19,18,17,16,15,14,13,12,11,10,9,8,7,6,5,0,0,0,0,0,0,0,0,0,0,0,0,0,0,0,0,0,0,0,0,0,0,0,0,0,0,0,0,0,0,0,0,0,0,0,1,0,0
100,402,2010,Federal,Very low,12.84984514,4209.585338,0.30525204,1.586628169,3.040440362,1,1,1,1,1,1,1,1,1,1,1,1,1,1,1,19,18,17,16,15,14,13,12,11,10,9,8,7,6,5,0,0,0,0,0,0,0,0,0,0,0,0,0,0,0,0,0,0,0,0,0,0,0,0,0,0,0,0,0,0,0,0,0,0,0,1,0,0
101,415,2011,Federal,High,353.744219,2016.029622,17.54657844,1.771437816,3.100304881,1,1,1,1,1,1,1,1,1,1,1,1,1,1,1,20,19,18,17,16,15,14,13,12,11,10,9,8,7,6,0,0,0,0,0,0,0,0,0,0,0,0,0,0,0,0,0,0,0,0,0,0,0,0,0,0,0,0,0,0,0,0,0,0,0,0,1,0
102,416,2011,Federal,Low,1.691047974,211.3872433,0.79997636,1.310504546,2.854746792,1,1,1,1,1,1,1,1,1,1,1,1,1,1,1,20,19,18,17,16,15,14,13,12,11,10,9,8,7,6,0,0,0,0,0,0,0,0,0,0,0,0,0,0,0,0,0,0,0,0,0,0,0,0,0,0,0,0,0,0,0,0,0,0,0,0,1,0
103,417,2011,Federal,Moderate,39.30659262,1340.580319,2.932058009,1.995098061,3.566123468,1,1,1,1,1,1,1,1,1,1,1,1,1,1,1,20,19,18,17,16,15,14,13,12,11,10,9,8,7,6,0,0,0,0,0,0,0,0,0,0,0,0,0,0,0,0,0,0,0,0,0,0,0,0,0,0,0,0,0,0,0,0,0,0,0,0,1,0
104,418,2011,Federal,Very low,6.091005612,796.7779956,0.764454546,1.788623659,2.833989705,1,1,1,1,1,1,1,1,1,1,1,1,1,1,1,20,19,18,17,16,15,14,13,12,11,10,9,8,7,6,0,0,0,0,0,0,0,0,0,0,0,0,0,0,0,0,0,0,0,0,0,0,0,0,0,0,0,0,0,0,0,0,0,0,0,0,1,0
105,431,2012,Federal,High,3005.405192,38628.74671,7.780229616,3.175123062,4.441435808,1,1,1,1,1,1,1,1,1,1,1,1,1,1,1,21,20,19,18,17,16,15,14,13,12,11,10,9,8,7,0,0,0,0,0,0,0,0,0,0,0,0,0,0,0,0,0,0,0,0,0,0,0,0,0,0,0,0,0,0,0,0,0,0,0,0,0,0
106,432,2012,Federal,Low,92.95739969,7965.193845,1.16704504,3.109747172,4.20724417,1,1,1,1,1,1,1,1,1,1,1,1,1,1,1,21,20,19,18,17,16,15,14,13,12,11,10,9,8,7,0,0,0,0,0,0,0,0,0,0,0,0,0,0,0,0,0,0,0,0,0,0,0,0,0,0,0,0,0,0,0,0,0,0,0,0,0,0
107,433,2012,Federal,Moderate,858.6893889,30372.83934,2.827162056,3.674748256,4.631545669,1,1,1,1,1,1,1,1,1,1,1,1,1,1,1,21,20,19,18,17,16,15,14,13,12,11,10,9,8,7,0,0,0,0,0,0,0,0,0,0,0,0,0,0,0,0,0,0,0,0,0,0,0,0,0,0,0,0,0,0,0,0,0,0,0,0,0,0
108,434,2012,Federal,Very low,252.1665904,31041.15048,0.812362256,3.430792833,4.265682276,1,1,1,1,1,1,1,1,1,1,1,1,1,1,1,21,20,19,18,17,16,15,14,13,12,11,10,9,8,7,0,0,0,0,0,0,0,0,0,0,0,0,0,0,0,0,0,0,0,0,0,0,0,0,0,0,0,0,0,0,0,0,0,0,0,0,0,0
109,447,2013,Federal,High,4036.571498,38776.65582,10.40979789,3.174422533,4.591974099,1,1,1,1,1,1,1,1,1,1,1,1,1,1,1,22,21,20,19,18,17,16,15,14,13,12,11,10,9,8,0,0,0,0,0,0,0,0,0,0,0,0,0,0,0,0,0,0,0,0,0,0,0,0,0,0,0,0,0,0,0,0,0,0,0,0,0,0
110,448,2013,Federal,Low,143.5814722,10315.1334,1.391949736,3.076272431,4.397997287,1,1,1,1,1,1,1,1,1,1,1,1,1,1,1,22,21,20,19,18,17,16,15,14,13,12,11,10,9,8,0,0,0,0,0,0,0,0,0,0,0,0,0,0,0,0,0,0,0,0,0,0,0,0,0,0,0,0,0,0,0,0,0,0,0,0,0,0
111,449,2013,Federal,Moderate,1266.661026,35127.69942,3.605875268,3.817511104,4.921909452,1,1,1,1,1,1,1,1,1,1,1,1,1,1,1,22,21,20,19,18,17,16,15,14,13,12,11,10,9,8,0,0,0,0,0,0,0,0,0,0,0,0,0,0,0,0,0,0,0,0,0,0,0,0,0,0,0,0,0,0,0,0,0,0,0,0,0,0
112,450,2013,Federal,Very low,396.1511316,42003.37734,0.943141139,3.656984163,4.481676321,1,1,1,1,1,1,1,1,1,1,1,1,1,1,1,22,21,20,19,18,17,16,15,14,13,12,11,10,9,8,0,0,0,0,0,0,0,0,0,0,0,0,0,0,0,0,0,0,0,0,0,0,0,0,0,0,0,0,0,0,0,0,0,0,0,0,0,0
113,463,2014,Federal,High,3281.872872,47155.91946,6.959620149,2.985901734,4.261764417,1,1,1,1,1,1,1,1,1,1,1,1,1,1,1,23,22,21,20,19,18,17,16,15,14,13,12,11,10,9,0,0,0,0,0,0,0,0,0,0,0,0,0,0,0,0,0,0,0,0,0,0,0,0,0,0,0,0,0,0,0,0,0,0,0,0,0,0
114,464,2014,Federal,Low,74.26701624,6480.545661,1.145999428,2.969098733,4.042702799,1,1,1,1,1,1,1,1,1,1,1,1,1,1,1,23,22,21,20,19,18,17,16,15,14,13,12,11,10,9,0,0,0,0,0,0,0,0,0,0,0,0,0,0,0,0,0,0,0,0,0,0,0,0,0,0,0,0,0,0,0,0,0,0,0,0,0,0
115,465,2014,Federal,Moderate,504.0551685,32628.1913,1.544845572,3.771690574,4.714393328,1,1,1,1,1,1,1,1,1,1,1,1,1,1,1,23,22,21,20,19,18,17,16,15,14,13,12,11,10,9,0,0,0,0,0,0,0,0,0,0,0,0,0,0,0,0,0,0,0,0,0,0,0,0,0,0,0,0,0,0,0,0,0,0,0,0,0,0
116,466,2014,Federal,Very low,558.8666848,26334.23237,2.122206096,3.587477769,4.4613136,1,1,1,1,1,1,1,1,1,1,1,1,1,1,1,23,22,21,20,19,18,17,16,15,14,13,12,11,10,9,0,0,0,0,0,0,0,0,0,0,0,0,0,0,0,0,0,0,0,0,0,0,0,0,0,0,0,0,0,0,0,0,0,0,0,0,0,0
117,479,2015,Federal,High,3248.658698,56568.37197,5.742888799,2.721412626,4.618976865,1,1,1,1,1,1,1,1,1,1,1,1,1,1,1,24,23,22,21,20,19,18,17,16,15,14,13,12,11,10,0,0,0,0,0,0,0,0,0,0,0,0,0,0,0,0,0,0,0,0,0,0,0,0,0,0,0,0,0,0,0,0,0,0,0,0,0,0
118,480,2015,Federal,Low,87.51324105,12052.68497,0.726089177,2.655765351,4.389612079,1,1,1,1,1,1,1,1,1,1,1,1,1,1,1,24,23,22,21,20,19,18,17,16,15,14,13,12,11,10,0,0,0,0,0,0,0,0,0,0,0,0,0,0,0,0,0,0,0,0,0,0,0,0,0,0,0,0,0,0,0,0,0,0,0,0,0,0
119,481,2015,Federal,Moderate,884.4855694,45896.46167,1.92713237,3.615901274,4.875145823,1,1,1,1,1,1,1,1,1,1,1,1,1,1,1,24,23,22,21,20,19,18,17,16,15,14,13,12,11,10,0,0,0,0,0,0,0,0,0,0,0,0,0,0,0,0,0,0,0,0,0,0,0,0,0,0,0,0,0,0,0,0,0,0,0,0,0,0
120,482,2015,Federal,Very low,306.2936445,45071.30791,0.679575674,3.337071602,4.451524422,1,1,1,1,1,1,1,1,1,1,1,1,1,1,1,24,23,22,21,20,19,18,17,16,15,14,13,12,11,10,0,0,0,0,0,0,0,0,0,0,0,0,0,0,0,0,0,0,0,0,0,0,0,0,0,0,0,0,0,0,0,0,0,0,0,0,0,0
121,495,2016,Federal,High,1031.646064,15096.44491,6.833702042,2.708676987,4.156203044,1,1,1,1,1,1,1,1,1,1,1,1,1,1,1,25,24,23,22,21,20,19,18,17,16,15,14,13,12,11,0,0,0,0,0,0,0,0,0,0,0,0,0,0,0,0,0,0,0,0,0,0,0,0,0,0,0,0,0,0,0,0,0,0,0,0,0,1
122,496,2016,Federal,Low,20.45995862,2243.081878,0.912136058,2.47267389,3.762428776,1,1,1,1,1,1,1,1,1,1,1,1,1,1,1,25,24,23,22,21,20,19,18,17,16,15,14,13,12,11,0,0,0,0,0,0,0,0,0,0,0,0,0,0,0,0,0,0,0,0,0,0,0,0,0,0,0,0,0,0,0,0,0,0,0,0,0,1
123,497,2016,Federal,Moderate,180.5536713,8774.209611,2.057777046,2.955849683,4.257154921,1,1,1,1,1,1,1,1,1,1,1,1,1,1,1,25,24,23,22,21,20,19,18,17,16,15,14,13,12,11,0,0,0,0,0,0,0,0,0,0,0,0,0,0,0,0,0,0,0,0,0,0,0,0,0,0,0,0,0,0,0,0,0,0,0,0,0,1
124,498,2016,Federal,Very low,76.26057701,11590.95953,0.657931527,2.694944297,3.996742475,1,1,1,1,1,1,1,1,1,1,1,1,1,1,1,25,24,23,22,21,20,19,18,17,16,15,14,13,12,11,0,0,0,0,0,0,0,0,0,0,0,0,0,0,0,0,0,0,0,0,0,0,0,0,0,0,0,0,0,0,0,0,0,0,0,0,0,1
125,511,2017,Federal,High,3352.167095,46652.9438,7.185328132,2.868959667,4.900205473,1,1,1,1,1,1,1,1,1,1,1,1,1,1,1,26,25,24,23,22,21,20,19,18,17,16,15,14,13,12,0,0,0,0,0,0,0,0,0,0,0,0,0,0,0,0,0,0,0,0,0,0,0,0,0,0,0,0,0,0,0,0,0,0,0,0,0,0
126,512,2017,Federal,Low,78.19411917,10287.65418,0.760077252,2.617547009,4.538543727,1,1,1,1,1,1,1,1,1,1,1,1,1,1,1,26,25,24,23,22,21,20,19,18,17,16,15,14,13,12,0,0,0,0,0,0,0,0,0,0,0,0,0,0,0,0,0,0,0,0,0,0,0,0,0,0,0,0,0,0,0,0,0,0,0,0,0,0
127,513,2017,Federal,Moderate,628.4579357,38990.10228,1.611839669,3.511842761,5.066147881,1,1,1,1,1,1,1,1,1,1,1,1,1,1,1,26,25,24,23,22,21,20,19,18,17,16,15,14,13,12,0,0,0,0,0,0,0,0,0,0,0,0,0,0,0,0,0,0,0,0,0,0,0,0,0,0,0,0,0,0,0,0,0,0,0,0,0,0
128,514,2017,Federal,Very low,319.3177883,63319.43788,0.504296625,3.493799185,4.476486462,1,1,1,1,1,1,1,1,1,1,1,1,1,1,1,26,25,24,23,22,21,20,19,18,17,16,15,14,13,12,0,0,0,0,0,0,0,0,0,0,0,0,0,0,0,0,0,0,0,0,0,0,0,0,0,0,0,0,0,0,0,0,0,0,0,0,0,0
129,23,1986,Private,High,173.3685536,1637.098743,10.58998759,0,0,0,0,0,0,0,0,0,0,0,0,0,0,0,0,0,0,0,0,0,0,0,0,0,0,0,0,0,0,0,0,-8,-9,-10,-11,-12,-13,-14,-15,-16,-17,-18,-19,1,1,1,1,0,0,0,0,0,0,0,0,0,0,0,0,0,0,0,0,0,0,0,0,0,0
130,24,1986,Private,Low,8.428023129,203.1326315,4.149024736,0,0,0,0,0,0,0,0,0,0,0,0,0,0,0,0,0,0,0,0,0,0,0,0,0,0,0,0,0,0,0,0,-8,-9,-10,-11,-12,-13,-14,-15,-16,-17,-18,-19,1,1,1,1,0,0,0,0,0,0,0,0,0,0,0,0,0,0,0,0,0,0,0,0,0,0
131,25,1986,Private,Moderate,47.48822782,1381.048599,3.438563121,0,0,0,0,0,0,0,0,0,0,0,0,0,0,0,0,0,0,0,0,0,0,0,0,0,0,0,0,0,0,0,0,-8,-9,-10,-11,-12,-13,-14,-15,-16,-17,-18,-19,1,1,1,1,0,0,0,0,0,0,0,0,0,0,0,0,0,0,0,0,0,0,0,0,0,0
132,26,1986,Private,Very low,19.1210751,553.2509811,3.456130355,0,0,0,0,0,0,0,0,0,0,0,0,0,0,0,0,0,0,0,0,0,0,0,0,0,0,0,0,0,0,0,0,-8,-9,-10,-11,-12,-13,-14,-15,-16,-17,-18,-19,1,1,1,1,0,0,0,0,0,0,0,0,0,0,0,0,0,0,0,0,0,0,0,0,0,0
133,39,1987,Private,High,1629.211354,8471.920581,19.23072033,1.041731874,1.667014928,0,0,0,0,0,0,0,0,0,0,0,0,0,0,0,0,0,0,0,0,0,0,0,0,0,0,0,0,0,0,-7,-8,-9,-10,-11,-12,-13,-14,-15,-16,-17,-18,0,0,0,0,1,0,0,0,0,0,0,0,0,0,0,0,0,0,0,0,0,0,0,0,0,0
134,40,1987,Private,Low,164.0842574,1833.261263,8.950402255,1.226803548,1.800135987,0,0,0,0,0,0,0,0,0,0,0,0,0,0,0,0,0,0,0,0,0,0,0,0,0,0,0,0,0,0,-7,-8,-9,-10,-11,-12,-13,-14,-15,-16,-17,-18,0,0,0,0,1,0,0,0,0,0,0,0,0,0,0,0,0,0,0,0,0,0,0,0,0,0
135,41,1987,Private,Moderate,950.0928387,7557.246185,12.57194506,1.689599501,2.379171357,0,0,0,0,0,0,0,0,0,0,0,0,0,0,0,0,0,0,0,0,0,0,0,0,0,0,0,0,0,0,-7,-8,-9,-10,-11,-12,-13,-14,-15,-16,-17,-18,0,0,0,0,1,0,0,0,0,0,0,0,0,0,0,0,0,0,0,0,0,0,0,0,0,0
136,42,1987,Private,Very low,335.6241369,4679.929733,7.171563591,1.010663899,1.803464454,0,0,0,0,0,0,0,0,0,0,0,0,0,0,0,0,0,0,0,0,0,0,0,0,0,0,0,0,0,0,-7,-8,-9,-10,-11,-12,-13,-14,-15,-16,-17,-18,0,0,0,0,1,0,0,0,0,0,0,0,0,0,0,0,0,0,0,0,0,0,0,0,0,0
137,55,1988,Private,High,1282.464482,6360.595453,20.16264816,1.147397608,1.871213562,0,0,0,0,0,0,0,0,0,0,0,0,0,0,0,0,0,0,0,0,0,0,0,0,0,0,0,0,0,0,-6,-7,-8,-9,-10,-11,-12,-13,-14,-15,-16,-17,0,0,0,0,0,1,0,0,0,0,0,0,0,0,0,0,0,0,0,0,0,0,0,0,0,0
138,56,1988,Private,Low,113.7700117,1308.009151,8.697952274,0.378969563,1.961112368,0,0,0,0,0,0,0,0,0,0,0,0,0,0,0,0,0,0,0,0,0,0,0,0,0,0,0,0,0,0,-6,-7,-8,-9,-10,-11,-12,-13,-14,-15,-16,-17,0,0,0,0,0,1,0,0,0,0,0,0,0,0,0,0,0,0,0,0,0,0,0,0,0,0
139,57,1988,Private,Moderate,760.4761914,7307.807525,10.40635223,0.352722759,2.487554404,0,0,0,0,0,0,0,0,0,0,0,0,0,0,0,0,0,0,0,0,0,0,0,0,0,0,0,0,0,0,-6,-7,-8,-9,-10,-11,-12,-13,-14,-15,-16,-17,0,0,0,0,0,1,0,0,0,0,0,0,0,0,0,0,0,0,0,0,0,0,0,0,0,0
140,58,1988,Private,Very low,223.4442848,3367.705271,6.634912109,0.365837295,1.700550361,0,0,0,0,0,0,0,0,0,0,0,0,0,0,0,0,0,0,0,0,0,0,0,0,0,0,0,0,0,0,-6,-7,-8,-9,-10,-11,-12,-13,-14,-15,-16,-17,0,0,0,0,0,1,0,0,0,0,0,0,0,0,0,0,0,0,0,0,0,0,0,0,0,0
141,71,1989,Private,High,570.6400395,2351.229454,24.26985757,0,0,0,0,0,0,0,0,0,0,0,0,0,0,0,0,0,0,0,0,0,0,0,0,0,0,0,0,0,0,0,0,-5,-6,-7,-8,-9,-10,-11,-12,-13,-14,-15,-16,1,1,1,0,0,0,1,0,0,0,0,0,0,0,0,0,0,0,0,0,0,0,0,0,0,0
142,72,1989,Private,Low,22.41404174,255.8550416,8.760445601,0,0,0,0,0,0,0,0,0,0,0,0,0,0,0,0,0,0,0,0,0,0,0,0,0,0,0,0,0,0,0,0,-5,-6,-7,-8,-9,-10,-11,-12,-13,-14,-15,-16,1,1,1,0,0,0,1,0,0,0,0,0,0,0,0,0,0,0,0,0,0,0,0,0,0,0
143,73,1989,Private,Moderate,146.7605324,1409.511075,10.41215887,0,0,0,0,0,0,0,0,0,0,0,0,0,0,0,0,0,0,0,0,0,0,0,0,0,0,0,0,0,0,0,0,-5,-6,-7,-8,-9,-10,-11,-12,-13,-14,-15,-16,1,1,1,0,0,0,1,0,0,0,0,0,0,0,0,0,0,0,0,0,0,0,0,0,0,0
144,74,1989,Private,Very low,50.20939423,1121.394493,4.477406883,0,0,0,0,0,0,0,0,0,0,0,0,0,0,0,0,0,0,0,0,0,0,0,0,0,0,0,0,0,0,0,0,-5,-6,-7,-8,-9,-10,-11,-12,-13,-14,-15,-16,1,1,1,0,0,0,1,0,0,0,0,0,0,0,0,0,0,0,0,0,0,0,0,0,0,0
145,87,1990,Private,High,816.0370354,5181.950149,15.74768209,0,1.734087978,0,0,0,0,0,0,0,0,0,0,0,0,0,0,0,0,0,0,0,0,0,0,0,0,0,0,0,0,0,0,-4,-5,-6,-7,-8,-9,-10,-11,-12,-13,-14,-15,1,0,1,0,0,0,0,1,0,0,0,0,0,0,0,0,0,0,0,0,0,0,0,0,0,0
146,88,1990,Private,Low,44.46217686,696.0224746,6.388037525,0,1.450537428,0,0,0,0,0,0,0,0,0,0,0,0,0,0,0,0,0,0,0,0,0,0,0,0,0,0,0,0,0,0,-4,-5,-6,-7,-8,-9,-10,-11,-12,-13,-14,-15,1,0,1,0,0,0,0,1,0,0,0,0,0,0,0,0,0,0,0,0,0,0,0,0,0,0
147,89,1990,Private,Moderate,339.8586369,3734.083326,9.101527932,0,1.869039727,0,0,0,0,0,0,0,0,0,0,0,0,0,0,0,0,0,0,0,0,0,0,0,0,0,0,0,0,0,0,-4,-5,-6,-7,-8,-9,-10,-11,-12,-13,-14,-15,1,0,1,0,0,0,0,1,0,0,0,0,0,0,0,0,0,0,0,0,0,0,0,0,0,0
148,90,1990,Private,Very low,90.91388837,1968.182759,4.619179188,0,0.292188555,0,0,0,0,0,0,0,0,0,0,0,0,0,0,0,0,0,0,0,0,0,0,0,0,0,0,0,0,0,0,-4,-5,-6,-7,-8,-9,-10,-11,-12,-13,-14,-15,1,0,1,0,0,0,0,1,0,0,0,0,0,0,0,0,0,0,0,0,0,0,0,0,0,0
149,103,1991,Private,High,3.940808649,39.92949544,9.869417595,0,0,0,0,0,0,0,0,0,0,0,0,0,0,0,0,1,0,0,0,0,0,0,0,0,0,0,0,0,0,0,0,-3,-4,-5,-6,-7,-8,-9,-10,-11,-12,-13,-14,1,1,1,0,0,0,0,0,1,0,0,0,0,0,0,0,0,0,0,0,0,0,0,0,0,0
150,104,1991,Private,Low,0.068354126,4.562144819,1.498289263,0,0,0,0,0,0,0,0,0,0,0,0,0,0,0,0,1,0,0,0,0,0,0,0,0,0,0,0,0,0,0,0,-3,-4,-5,-6,-7,-8,-9,-10,-11,-12,-13,-14,1,1,1,0,0,0,0,0,1,0,0,0,0,0,0,0,0,0,0,0,0,0,0,0,0,0
151,105,1991,Private,Moderate,1.980365305,32.21633477,6.14708445,0,0,0,0,0,0,0,0,0,0,0,0,0,0,0,0,1,0,0,0,0,0,0,0,0,0,0,0,0,0,0,0,-3,-4,-5,-6,-7,-8,-9,-10,-11,-12,-13,-14,1,1,1,0,0,0,0,0,1,0,0,0,0,0,0,0,0,0,0,0,0,0,0,0,0,0
152,106,1991,Private,Very low,1.360457946,17.43238088,7.804200445,0,0,0,0,0,0,0,0,0,0,0,0,0,0,0,0,1,0,0,0,0,0,0,0,0,0,0,0,0,0,0,0,-3,-4,-5,-6,-7,-8,-9,-10,-11,-12,-13,-14,1,1,1,0,0,0,0,0,1,0,0,0,0,0,0,0,0,0,0,0,0,0,0,0,0,0
153,119,1992,Private,High,6931.748801,19054.75193,36.3780585,0.238593395,1.188566756,0,0,0,0,0,0,0,0,0,0,0,0,0,1,1,1,0,0,0,0,0,0,0,0,0,0,0,0,0,0,-2,-3,-4,-5,-6,-7,-8,-9,-10,-11,-12,-13,0,0,0,0,0,0,0,0,0,1,0,0,0,0,0,0,0,0,0,0,0,0,0,0,0,0
154,120,1992,Private,Low,333.2938847,1630.200178,20.44496676,0.324199908,1.368891882,0,0,0,0,0,0,0,0,0,0,0,0,0,1,1,1,0,0,0,0,0,0,0,0,0,0,0,0,0,0,-2,-3,-4,-5,-6,-7,-8,-9,-10,-11,-12,-13,0,0,0,0,0,0,0,0,0,1,0,0,0,0,0,0,0,0,0,0,0,0,0,0,0,0
155,121,1992,Private,Moderate,2321.007924,9258.734802,25.06830548,0.955990117,2.14875737,0,0,0,0,0,0,0,0,0,0,0,0,0,1,1,1,0,0,0,0,0,0,0,0,0,0,0,0,0,0,-2,-3,-4,-5,-6,-7,-8,-9,-10,-11,-12,-13,0,0,0,0,0,0,0,0,0,1,0,0,0,0,0,0,0,0,0,0,0,0,0,0,0,0
156,122,1992,Private,Very low,818.0121261,3984.841106,20.52809898,0.961073888,1.649507578,0,0,0,0,0,0,0,0,0,0,0,0,0,1,1,1,0,0,0,0,0,0,0,0,0,0,0,0,0,0,-2,-3,-4,-5,-6,-7,-8,-9,-10,-11,-12,-13,0,0,0,0,0,0,0,0,0,1,0,0,0,0,0,0,0,0,0,0,0,0,0,0,0,0
157,135,1993,Private,High,0,0,0,0,0,0,0,0,0,0,0,0,0,0,0,0,0,1,1,1,2,1,0,0,0,0,0,0,0,0,0,0,0,0,0,-1,-2,-3,-4,-5,-6,-7,-8,-9,-10,-11,-12,1,1,1,0,0,0,0,0,0,0,1,0,0,0,0,0,0,0,0,0,0,0,0,0,0,0
158,136,1993,Private,Low,0,0,0,0,0,0,0,0,0,0,0,0,0,0,0,0,0,1,1,1,2,1,0,0,0,0,0,0,0,0,0,0,0,0,0,-1,-2,-3,-4,-5,-6,-7,-8,-9,-10,-11,-12,1,1,1,0,0,0,0,0,0,0,1,0,0,0,0,0,0,0,0,0,0,0,0,0,0,0
159,137,1993,Private,Moderate,0,0,0,0,0,0,0,0,0,0,0,0,0,0,0,0,0,1,1,1,2,1,0,0,0,0,0,0,0,0,0,0,0,0,0,-1,-2,-3,-4,-5,-6,-7,-8,-9,-10,-11,-12,1,1,1,0,0,0,0,0,0,0,1,0,0,0,0,0,0,0,0,0,0,0,0,0,0,0
160,138,1993,Private,Very low,0,0,0,0,0,0,0,0,0,0,0,0,0,0,0,0,0,1,1,1,2,1,0,0,0,0,0,0,0,0,0,0,0,0,0,-1,-2,-3,-4,-5,-6,-7,-8,-9,-10,-11,-12,1,1,1,0,0,0,0,0,0,0,1,0,0,0,0,0,0,0,0,0,0,0,0,0,0,0
161,151,1994,Private,High,1043.864769,3302.18163,31.61136746,0,1.271307685,0,0,0,0,0,0,0,0,0,0,0,1,1,1,1,3,2,1,0,0,0,0,0,0,0,0,0,0,0,0,0,-1,-2,-3,-4,-5,-6,-7,-8,-9,-10,-11,1,0,1,0,0,0,0,0,0,0,0,1,0,0,0,0,0,0,0,0,0,0,0,0,0,0
162,152,1994,Private,Low,36.61836071,323.2183254,11.32929597,0,0.803418663,0,0,0,0,0,0,0,0,0,0,0,1,1,1,1,3,2,1,0,0,0,0,0,0,0,0,0,0,0,0,0,-1,-2,-3,-4,-5,-6,-7,-8,-9,-10,-11,1,0,1,0,0,0,0,0,0,0,0,1,0,0,0,0,0,0,0,0,0,0,0,0,0,0
163,153,1994,Private,Moderate,349.9639117,2127.354527,16.45066242,0,1.158134314,0,0,0,0,0,0,0,0,0,0,0,1,1,1,1,3,2,1,0,0,0,0,0,0,0,0,0,0,0,0,0,-1,-2,-3,-4,-5,-6,-7,-8,-9,-10,-11,1,0,1,0,0,0,0,0,0,0,0,1,0,0,0,0,0,0,0,0,0,0,0,0,0,0
164,154,1994,Private,Very low,85.30730965,1149.954193,7.418322414,0,0,0,0,0,0,0,0,0,0,0,0,0,1,1,1,1,3,2,1,0,0,0,0,0,0,0,0,0,0,0,0,0,-1,-2,-3,-4,-5,-6,-7,-8,-9,-10,-11,1,1,1,0,0,0,0,0,0,0,0,1,0,0,0,0,0,0,0,0,0,0,0,0,0,0
165,167,1995,Private,High,51.00389286,341.5656652,14.93238287,0,0,0,0,0,0,0,0,0,0,0,0,1,1,1,1,1,4,3,2,1,0,0,0,0,0,0,0,0,0,0,0,0,0,-1,-2,-3,-4,-5,-6,-7,-8,-9,-10,1,1,1,0,0,0,0,0,0,0,0,0,1,0,0,0,0,0,0,0,0,0,0,0,0,0
166,168,1995,Private,Low,2.318395057,32.30411416,7.176779545,0,0,0,0,0,0,0,0,0,0,0,0,1,1,1,1,1,4,3,2,1,0,0,0,0,0,0,0,0,0,0,0,0,0,-1,-2,-3,-4,-5,-6,-7,-8,-9,-10,1,1,1,0,0,0,0,0,0,0,0,0,1,0,0,0,0,0,0,0,0,0,0,0,0,0
167,169,1995,Private,Moderate,15.58452203,183.7535992,8.481206406,0,0,0,0,0,0,0,0,0,0,0,0,1,1,1,1,1,4,3,2,1,0,0,0,0,0,0,0,0,0,0,0,0,0,-1,-2,-3,-4,-5,-6,-7,-8,-9,-10,1,1,1,0,0,0,0,0,0,0,0,0,1,0,0,0,0,0,0,0,0,0,0,0,0,0
168,170,1995,Private,Very low,6.763191382,237.0344413,2.853252609,0,0,0,0,0,0,0,0,0,0,0,0,1,1,1,1,1,4,3,2,1,0,0,0,0,0,0,0,0,0,0,0,0,0,-1,-2,-3,-4,-5,-6,-7,-8,-9,-10,1,1,1,0,0,0,0,0,0,0,0,0,1,0,0,0,0,0,0,0,0,0,0,0,0,0
169,183,1996,Private,High,1050.541886,6653.445383,15.78944179,0,0,0,0,0,0,0,0,0,0,0,1,1,1,1,1,1,5,4,3,2,1,0,0,0,0,0,0,0,0,0,0,0,0,0,-1,-2,-3,-4,-5,-6,-7,-8,-9,1,1,1,0,0,0,0,0,0,0,0,0,0,1,0,0,0,0,0,0,0,0,0,0,0,0
170,184,1996,Private,Low,30.30179663,464.5895906,6.522271966,0,0,0,0,0,0,0,0,0,0,0,1,1,1,1,1,1,5,4,3,2,1,0,0,0,0,0,0,0,0,0,0,0,0,0,-1,-2,-3,-4,-5,-6,-7,-8,-9,1,1,1,0,0,0,0,0,0,0,0,0,0,1,0,0,0,0,0,0,0,0,0,0,0,0
171,185,1996,Private,Moderate,367.8969788,3590.976201,10.24504085,0,0,0,0,0,0,0,0,0,0,0,1,1,1,1,1,1,5,4,3,2,1,0,0,0,0,0,0,0,0,0,0,0,0,0,-1,-2,-3,-4,-5,-6,-7,-8,-9,1,1,1,0,0,0,0,0,0,0,0,0,0,1,0,0,0,0,0,0,0,0,0,0,0,0
172,186,1996,Private,Very low,48.69665814,775.7668549,6.277228504,0,0,0,0,0,0,0,0,0,0,0,1,1,1,1,1,1,5,4,3,2,1,0,0,0,0,0,0,0,0,0,0,0,0,0,-1,-2,-3,-4,-5,-6,-7,-8,-9,1,1,1,0,0,0,0,0,0,0,0,0,0,1,0,0,0,0,0,0,0,0,0,0,0,0
173,199,1997,Private,High,7.296790835,124.0503754,5.882119108,0,0,0,0,0,0,0,0,0,0,1,1,1,1,1,1,1,6,5,4,3,2,1,0,0,0,0,0,0,0,0,0,0,0,0,0,-1,-2,-3,-4,-5,-6,-7,-8,1,1,1,0,0,0,0,0,0,0,0,0,0,0,1,0,0,0,0,0,0,0,0,0,0,0
174,200,1997,Private,Low,0,14.69382328,0,0,0,0,0,0,0,0,0,0,0,1,1,1,1,1,1,1,6,5,4,3,2,1,0,0,0,0,0,0,0,0,0,0,0,0,0,-1,-2,-3,-4,-5,-6,-7,-8,1,1,1,0,0,0,0,0,0,0,0,0,0,0,1,0,0,0,0,0,0,0,0,0,0,0
175,201,1997,Private,Moderate,0.520150721,92.08490991,0.56485989,0,0,0,0,0,0,0,0,0,0,1,1,1,1,1,1,1,6,5,4,3,2,1,0,0,0,0,0,0,0,0,0,0,0,0,0,-1,-2,-3,-4,-5,-6,-7,-8,1,1,1,0,0,0,0,0,0,0,0,0,0,0,1,0,0,0,0,0,0,0,0,0,0,0
176,202,1997,Private,Very low,0,36.61546621,0,0,0,0,0,0,0,0,0,0,0,1,1,1,1,1,1,1,6,5,4,3,2,1,0,0,0,0,0,0,0,0,0,0,0,0,0,-1,-2,-3,-4,-5,-6,-7,-8,1,1,1,0,0,0,0,0,0,0,0,0,0,0,1,0,0,0,0,0,0,0,0,0,0,0
177,215,1998,Private,High,136.0309801,1909.14634,7.125225409,0,0,0,0,0,0,0,0,0,1,1,1,1,1,1,1,1,7,6,5,4,3,2,1,0,0,0,0,0,0,0,0,0,0,0,0,0,-1,-2,-3,-4,-5,-6,-7,1,1,1,0,0,0,0,0,0,0,0,0,0,0,0,1,0,0,0,0,0,0,0,0,0,0
178,216,1998,Private,Low,19.69777944,155.6598659,12.65437261,0,0,0,0,0,0,0,0,0,1,1,1,1,1,1,1,1,7,6,5,4,3,2,1,0,0,0,0,0,0,0,0,0,0,0,0,0,-1,-2,-3,-4,-5,-6,-7,1,1,1,0,0,0,0,0,0,0,0,0,0,0,0,1,0,0,0,0,0,0,0,0,0,0
179,217,1998,Private,Moderate,110.278311,1099.021752,10.0342246,0,0,0,0,0,0,0,0,0,1,1,1,1,1,1,1,1,7,6,5,4,3,2,1,0,0,0,0,0,0,0,0,0,0,0,0,0,-1,-2,-3,-4,-5,-6,-7,1,1,1,0,0,0,0,0,0,0,0,0,0,0,0,1,0,0,0,0,0,0,0,0,0,0
180,218,1998,Private,Very low,51.98009622,418.1406791,12.43124595,0,0,0,0,0,0,0,0,0,1,1,1,1,1,1,1,1,7,6,5,4,3,2,1,0,0,0,0,0,0,0,0,0,0,0,0,0,-1,-2,-3,-4,-5,-6,-7,1,1,1,0,0,0,0,0,0,0,0,0,0,0,0,1,0,0,0,0,0,0,0,0,0,0
181,231,1999,Private,High,237.444031,2579.011358,9.206785006,0.350642444,2.539326436,0,0,0,0,0,0,1,1,1,1,1,1,1,1,1,8,7,6,5,4,3,2,1,0,0,0,0,0,0,0,0,0,0,0,0,0,-1,-2,-3,-4,-5,-6,0,0,0,0,0,0,0,0,0,0,0,0,0,0,0,0,0,0,0,0,0,0,0,0,0,0
182,232,1999,Private,Low,116.1319675,1137.523812,10.20919002,0.693159085,2.020271927,0,0,0,0,0,0,1,1,1,1,1,1,1,1,1,8,7,6,5,4,3,2,1,0,0,0,0,0,0,0,0,0,0,0,0,0,-1,-2,-3,-4,-5,-6,0,0,0,0,0,0,0,0,0,0,0,0,0,0,0,0,0,0,0,0,0,0,0,0,0,0
183,233,1999,Private,Moderate,479.446868,4943.505175,9.698520605,1.460594747,2.141965525,0,0,0,0,0,0,1,1,1,1,1,1,1,1,1,8,7,6,5,4,3,2,1,0,0,0,0,0,0,0,0,0,0,0,0,0,-1,-2,-3,-4,-5,-6,0,0,0,0,0,0,0,0,0,0,0,0,0,0,0,0,0,0,0,0,0,0,0,0,0,0
184,234,1999,Private,Very low,288.4170859,3951.010997,7.299829998,0.680847806,1.433132958,0,0,0,0,0,0,1,1,1,1,1,1,1,1,1,8,7,6,5,4,3,2,1,0,0,0,0,0,0,0,0,0,0,0,0,0,-1,-2,-3,-4,-5,-6,0,0,0,0,0,0,0,0,0,0,0,0,0,0,0,0,0,0,0,0,0,0,0,0,0,0
185,247,2000,Private,High,620.7717454,3472.200462,17.87833831,0,0,0,0,0,0,0,1,1,1,1,1,1,1,1,1,1,9,8,7,6,5,4,3,2,1,0,0,0,0,0,0,0,0,0,0,0,0,0,-1,-2,-3,-4,-5,1,1,1,0,0,0,0,0,0,0,0,0,0,0,0,0,1,0,0,0,0,0,0,0,0,0
186,248,2000,Private,Low,45.12301713,337.4871624,13.37029143,0,0,0,0,0,0,0,1,1,1,1,1,1,1,1,1,1,9,8,7,6,5,4,3,2,1,0,0,0,0,0,0,0,0,0,0,0,0,0,-1,-2,-3,-4,-5,1,1,1,0,0,0,0,0,0,0,0,0,0,0,0,0,1,0,0,0,0,0,0,0,0,0
187,249,2000,Private,Moderate,327.6410856,2211.838276,14.81306699,0,0,0,0,0,0,0,1,1,1,1,1,1,1,1,1,1,9,8,7,6,5,4,3,2,1,0,0,0,0,0,0,0,0,0,0,0,0,0,-1,-2,-3,-4,-5,1,1,1,0,0,0,0,0,0,0,0,0,0,0,0,0,1,0,0,0,0,0,0,0,0,0
188,250,2000,Private,Very low,111.1274593,1011.280922,10.98878233,0,0,0,0,0,0,0,1,1,1,1,1,1,1,1,1,1,9,8,7,6,5,4,3,2,1,0,0,0,0,0,0,0,0,0,0,0,0,0,-1,-2,-3,-4,-5,1,1,1,0,0,0,0,0,0,0,0,0,0,0,0,0,1,0,0,0,0,0,0,0,0,0
189,263,2001,Private,High,1315.349913,7248.112147,18.14748291,1.79247733,2.320878774,0,0,0,0,1,1,1,1,1,1,1,1,1,1,1,10,9,8,7,6,5,4,3,2,1,0,0,0,0,0,0,0,0,0,0,0,0,0,-1,-2,-3,-4,0,0,0,0,0,0,0,0,0,0,0,0,0,0,0,0,0,1,0,0,0,0,0,0,0,0
190,264,2001,Private,Low,80.56851765,675.3391976,11.93008164,1.517656529,2.042717608,0,0,0,0,1,1,1,1,1,1,1,1,1,1,1,10,9,8,7,6,5,4,3,2,1,0,0,0,0,0,0,0,0,0,0,0,0,0,-1,-2,-3,-4,0,0,0,0,0,0,0,0,0,0,0,0,0,0,0,0,0,1,0,0,0,0,0,0,0,0
191,265,2001,Private,Moderate,681.4963644,4190.695895,16.26212881,2.133054596,2.813992056,0,0,0,0,1,1,1,1,1,1,1,1,1,1,1,10,9,8,7,6,5,4,3,2,1,0,0,0,0,0,0,0,0,0,0,0,0,0,-1,-2,-3,-4,0,0,0,0,0,0,0,0,0,0,0,0,0,0,0,0,0,1,0,0,0,0,0,0,0,0
192,266,2001,Private,Very low,91.11422241,1444.653439,6.306995155,1.646223269,2.663921549,0,0,0,0,1,1,1,1,1,1,1,1,1,1,1,10,9,8,7,6,5,4,3,2,1,0,0,0,0,0,0,0,0,0,0,0,0,0,-1,-2,-3,-4,0,0,0,0,0,0,0,0,0,0,0,0,0,0,0,0,0,1,0,0,0,0,0,0,0,0
193,279,2002,Private,High,1294.46205,8672.852516,14.92544751,0,0.123977064,0,0,0,1,1,1,1,1,1,1,1,1,1,1,1,11,10,9,8,7,6,5,4,3,2,1,0,0,0,0,0,0,0,0,0,0,0,0,0,-1,-2,-3,1,0,1,0,0,0,0,0,0,0,0,0,0,0,0,0,0,0,0,0,0,0,0,0,0,0
194,280,2002,Private,Low,211.7435732,1065.896366,19.86530585,0,0.754703856,0,0,0,1,1,1,1,1,1,1,1,1,1,1,1,11,10,9,8,7,6,5,4,3,2,1,0,0,0,0,0,0,0,0,0,0,0,0,0,-1,-2,-3,1,0,1,0,0,0,0,0,0,0,0,0,0,0,0,0,0,0,0,0,0,0,0,0,0,0
195,281,2002,Private,Moderate,1098.541017,5959.3982,18.43375757,0,1.887498491,0,0,0,1,1,1,1,1,1,1,1,1,1,1,1,11,10,9,8,7,6,5,4,3,2,1,0,0,0,0,0,0,0,0,0,0,0,0,0,-1,-2,-3,1,0,1,0,0,0,0,0,0,0,0,0,0,0,0,0,0,0,0,0,0,0,0,0,0,0
196,282,2002,Private,Very low,364.6465435,2377.546961,15.33709111,0,0.937733353,0,0,0,1,1,1,1,1,1,1,1,1,1,1,1,11,10,9,8,7,6,5,4,3,2,1,0,0,0,0,0,0,0,0,0,0,0,0,0,-1,-2,-3,1,0,1,0,0,0,0,0,0,0,0,0,0,0,0,0,0,0,0,0,0,0,0,0,0,0
197,295,2003,Private,High,0,225.1151567,0,0,0,0,0,1,1,1,1,1,1,1,1,1,1,1,1,1,12,11,10,9,8,7,6,5,4,3,2,1,0,0,0,0,0,0,0,0,0,0,0,0,0,-1,-2,1,1,1,0,0,0,0,0,0,0,0,0,0,0,0,0,0,0,1,0,0,0,0,0,0,0
198,296,2003,Private,Low,0,18.3548263,0,0,0,0,0,1,1,1,1,1,1,1,1,1,1,1,1,1,12,11,10,9,8,7,6,5,4,3,2,1,0,0,0,0,0,0,0,0,0,0,0,0,0,-1,-2,1,1,1,0,0,0,0,0,0,0,0,0,0,0,0,0,0,0,1,0,0,0,0,0,0,0
199,297,2003,Private,Moderate,0,109.7735952,0,0,0,0,0,1,1,1,1,1,1,1,1,1,1,1,1,1,12,11,10,9,8,7,6,5,4,3,2,1,0,0,0,0,0,0,0,0,0,0,0,0,0,-1,-2,1,1,1,0,0,0,0,0,0,0,0,0,0,0,0,0,0,0,1,0,0,0,0,0,0,0
200,298,2003,Private,Very low,0.16498497,80.37348312,0.205272888,0,0,0,0,1,1,1,1,1,1,1,1,1,1,1,1,1,12,11,10,9,8,7,6,5,4,3,2,1,0,0,0,0,0,0,0,0,0,0,0,0,0,-1,-2,1,1,1,0,0,0,0,0,0,0,0,0,0,0,0,0,0,0,1,0,0,0,0,0,0,0
201,311,2004,Private,High,386.9926037,3266.523681,11.84723093,0,0,0,1,1,1,1,1,1,1,1,1,1,1,1,1,1,13,12,11,10,9,8,7,6,5,4,3,2,1,0,0,0,0,0,0,0,0,0,0,0,0,0,-1,1,1,1,0,0,0,0,0,0,0,0,0,0,0,0,0,0,0,0,1,0,0,0,0,0,0
202,312,2004,Private,Low,69.56805371,324.7210726,21.42394184,0,0,0,1,1,1,1,1,1,1,1,1,1,1,1,1,1,13,12,11,10,9,8,7,6,5,4,3,2,1,0,0,0,0,0,0,0,0,0,0,0,0,0,-1,1,1,1,0,0,0,0,0,0,0,0,0,0,0,0,0,0,0,0,1,0,0,0,0,0,0
203,313,2004,Private,Moderate,391.895316,1867.154097,20.98891123,0,0,0,1,1,1,1,1,1,1,1,1,1,1,1,1,1,13,12,11,10,9,8,7,6,5,4,3,2,1,0,0,0,0,0,0,0,0,0,0,0,0,0,-1,1,1,1,0,0,0,0,0,0,0,0,0,0,0,0,0,0,0,0,1,0,0,0,0,0,0
204,314,2004,Private,Very low,212.2633293,1038.567857,20.43807998,0,0,0,1,1,1,1,1,1,1,1,1,1,1,1,1,1,13,12,11,10,9,8,7,6,5,4,3,2,1,0,0,0,0,0,0,0,0,0,0,0,0,0,-1,1,1,1,0,0,0,0,0,0,0,0,0,0,0,0,0,0,0,0,1,0,0,0,0,0,0
205,327,2005,Private,High,553.9983703,4668.978436,11.86551572,0,0,1,1,1,1,1,1,1,1,1,1,1,1,1,1,1,14,13,12,11,10,9,8,7,6,5,4,3,2,1,0,0,0,0,0,0,0,0,0,0,0,0,0,1,1,1,0,0,0,0,0,0,0,0,0,0,0,0,0,0,0,0,0,1,0,0,0,0,0
206,328,2005,Private,Low,60.59965775,322.68377,18.77989022,0,0,1,1,1,1,1,1,1,1,1,1,1,1,1,1,1,14,13,12,11,10,9,8,7,6,5,4,3,2,1,0,0,0,0,0,0,0,0,0,0,0,0,0,1,1,1,0,0,0,0,0,0,0,0,0,0,0,0,0,0,0,0,0,1,0,0,0,0,0
207,329,2005,Private,Moderate,418.8262524,2224.562323,18.8273553,0,0,1,1,1,1,1,1,1,1,1,1,1,1,1,1,1,14,13,12,11,10,9,8,7,6,5,4,3,2,1,0,0,0,0,0,0,0,0,0,0,0,0,0,1,1,1,0,0,0,0,0,0,0,0,0,0,0,0,0,0,0,0,0,1,0,0,0,0,0
208,330,2005,Private,Very low,100.3513717,784.2153467,12.79640498,0,0,1,1,1,1,1,1,1,1,1,1,1,1,1,1,1,14,13,12,11,10,9,8,7,6,5,4,3,2,1,0,0,0,0,0,0,0,0,0,0,0,0,0,1,1,1,0,0,0,0,0,0,0,0,0,0,0,0,0,0,0,0,0,1,0,0,0,0,0
209,343,2006,Private,High,232.8571833,1816.042661,12.8222309,0,0,1,1,1,1,1,1,1,1,1,1,1,1,1,1,1,15,14,13,12,11,10,9,8,7,6,5,4,3,2,1,0,0,0,0,0,0,0,0,0,0,0,0,1,1,1,0,0,0,0,0,0,0,0,0,0,0,0,0,0,0,0,0,0,0,0,0,0,0
210,344,2006,Private,Low,73.37461119,430.8878991,17.02870082,0,0,1,1,1,1,1,1,1,1,1,1,1,1,1,1,1,15,14,13,12,11,10,9,8,7,6,5,4,3,2,1,0,0,0,0,0,0,0,0,0,0,0,0,1,1,1,0,0,0,0,0,0,0,0,0,0,0,0,0,0,0,0,0,0,0,0,0,0,0
211,345,2006,Private,Moderate,634.1672108,2718.220623,23.33023322,0,0,1,1,1,1,1,1,1,1,1,1,1,1,1,1,1,15,14,13,12,11,10,9,8,7,6,5,4,3,2,1,0,0,0,0,0,0,0,0,0,0,0,0,1,1,1,0,0,0,0,0,0,0,0,0,0,0,0,0,0,0,0,0,0,0,0,0,0,0
212,346,2006,Private,Very low,67.52338986,1155.912862,5.84156402,0,0,1,1,1,1,1,1,1,1,1,1,1,1,1,1,1,15,14,13,12,11,10,9,8,7,6,5,4,3,2,1,0,0,0,0,0,0,0,0,0,0,0,0,1,1,1,0,0,0,0,0,0,0,0,0,0,0,0,0,0,0,0,0,0,0,0,0,0,0
213,359,2007,Private,High,3436.046921,7737.625663,44.40699345,0,0.002101247,1,1,1,1,1,1,1,1,1,1,1,1,1,1,1,16,15,14,13,12,11,10,9,8,7,6,5,4,3,2,0,0,0,0,0,0,0,0,0,0,0,0,1,0,1,0,0,0,0,0,0,0,0,0,0,0,0,0,0,0,0,0,0,0,0,0,0,0
214,360,2007,Private,Low,173.5334374,588.2640389,29.49924285,0,0.148500411,1,1,1,1,1,1,1,1,1,1,1,1,1,1,1,16,15,14,13,12,11,10,9,8,7,6,5,4,3,2,0,0,0,0,0,0,0,0,0,0,0,0,1,0,1,0,0,0,0,0,0,0,0,0,0,0,0,0,0,0,0,0,0,0,0,0,0,0
215,361,2007,Private,Moderate,1037.423295,3375.980049,30.72954461,0,0.932723481,1,1,1,1,1,1,1,1,1,1,1,1,1,1,1,16,15,14,13,12,11,10,9,8,7,6,5,4,3,2,0,0,0,0,0,0,0,0,0,0,0,0,1,0,1,0,0,0,0,0,0,0,0,0,0,0,0,0,0,0,0,0,0,0,0,0,0,0
216,362,2007,Private,Very low,620.8937555,2171.953399,28.58688201,0,0.128245352,1,1,1,1,1,1,1,1,1,1,1,1,1,1,1,16,15,14,13,12,11,10,9,8,7,6,5,4,3,2,0,0,0,0,0,0,0,0,0,0,0,0,1,0,1,0,0,0,0,0,0,0,0,0,0,0,0,0,0,0,0,0,0,0,0,0,0,0
217,375,2008,Private,High,2505.45753,16935.16009,14.79441302,0.274369683,2.813478163,1,1,1,1,1,1,1,1,1,1,1,1,1,1,1,17,16,15,14,13,12,11,10,9,8,7,6,5,4,3,0,0,0,0,0,0,0,0,0,0,0,0,0,0,0,0,0,0,0,0,0,0,0,0,0,0,0,0,0,0,0,0,0,0,0,0,0,0
218,376,2008,Private,Low,578.6440785,4921.421687,11.757661,0.028081463,2.30203281,1,1,1,1,1,1,1,1,1,1,1,1,1,1,1,17,16,15,14,13,12,11,10,9,8,7,6,5,4,3,0,0,0,0,0,0,0,0,0,0,0,0,0,0,0,0,0,0,0,0,0,0,0,0,0,0,0,0,0,0,0,0,0,0,0,0,0,0
219,377,2008,Private,Moderate,2496.531675,19928.58156,12.52739271,0.106177523,2.463401877,1,1,1,1,1,1,1,1,1,1,1,1,1,1,1,17,16,15,14,13,12,11,10,9,8,7,6,5,4,3,0,0,0,0,0,0,0,0,0,0,0,0,0,0,0,0,0,0,0,0,0,0,0,0,0,0,0,0,0,0,0,0,0,0,0,0,0,0
220,378,2008,Private,Very low,1471.248411,15169.47448,9.698743442,0,1.683494432,1,1,1,1,1,1,1,1,1,1,1,1,1,1,1,17,16,15,14,13,12,11,10,9,8,7,6,5,4,3,0,0,0,0,0,0,0,0,0,0,0,0,1,0,1,0,0,0,0,0,0,0,0,0,0,0,0,0,0,0,0,0,0,0,0,0,0,0
221,391,2009,Private,High,426.1132743,1486.702514,28.66163675,0.305087573,2.196912137,1,1,1,1,1,1,1,1,1,1,1,1,1,1,1,18,17,16,15,14,13,12,11,10,9,8,7,6,5,4,0,0,0,0,0,0,0,0,0,0,0,0,0,0,0,0,0,0,0,0,0,0,0,0,0,0,0,0,0,0,0,0,0,0,1,0,0,0
222,392,2009,Private,Low,61.35510822,353.4466028,17.3590884,0.225097769,2.222870616,1,1,1,1,1,1,1,1,1,1,1,1,1,1,1,18,17,16,15,14,13,12,11,10,9,8,7,6,5,4,0,0,0,0,0,0,0,0,0,0,0,0,0,0,0,0,0,0,0,0,0,0,0,0,0,0,0,0,0,0,0,0,0,0,1,0,0,0
223,393,2009,Private,Moderate,432.5010776,1510.133105,28.63993089,0.126970669,2.700846166,1,1,1,1,1,1,1,1,1,1,1,1,1,1,1,18,17,16,15,14,13,12,11,10,9,8,7,6,5,4,0,0,0,0,0,0,0,0,0,0,0,0,0,0,0,0,0,0,0,0,0,0,0,0,0,0,0,0,0,0,0,0,0,0,1,0,0,0
224,394,2009,Private,Very low,57.07010297,847.7642537,6.731836441,0.08226922,2.213242216,1,1,1,1,1,1,1,1,1,1,1,1,1,1,1,18,17,16,15,14,13,12,11,10,9,8,7,6,5,4,0,0,0,0,0,0,0,0,0,0,0,0,0,0,0,0,0,0,0,0,0,0,0,0,0,0,0,0,0,0,0,0,0,0,1,0,0,0
225,407,2010,Private,High,134.1929576,2022.379295,6.635400094,0,0,1,1,1,1,1,1,1,1,1,1,1,1,1,1,1,19,18,17,16,15,14,13,12,11,10,9,8,7,6,5,0,0,0,0,0,0,0,0,0,0,0,0,1,1,1,0,0,0,0,0,0,0,0,0,0,0,0,0,0,0,0,0,0,0,0,1,0,0
226,408,2010,Private,Low,3.190473779,97.42296385,3.27486832,0,0,1,1,1,1,1,1,1,1,1,1,1,1,1,1,1,19,18,17,16,15,14,13,12,11,10,9,8,7,6,5,0,0,0,0,0,0,0,0,0,0,0,0,1,1,1,0,0,0,0,0,0,0,0,0,0,0,0,0,0,0,0,0,0,0,0,1,0,0
227,409,2010,Private,Moderate,30.97336813,794.8140608,3.896932586,0,0,1,1,1,1,1,1,1,1,1,1,1,1,1,1,1,19,18,17,16,15,14,13,12,11,10,9,8,7,6,5,0,0,0,0,0,0,0,0,0,0,0,0,1,1,1,0,0,0,0,0,0,0,0,0,0,0,0,0,0,0,0,0,0,0,0,1,0,0
228,410,2010,Private,Very low,12.18677672,451.7084985,2.697929473,0,0,1,1,1,1,1,1,1,1,1,1,1,1,1,1,1,19,18,17,16,15,14,13,12,11,10,9,8,7,6,5,0,0,0,0,0,0,0,0,0,0,0,0,1,1,1,0,0,0,0,0,0,0,0,0,0,0,0,0,0,0,0,0,0,0,0,1,0,0
229,423,2011,Private,High,187.2078015,1608.635732,11.63767519,0.457894638,1.331210779,1,1,1,1,1,1,1,1,1,1,1,1,1,1,1,20,19,18,17,16,15,14,13,12,11,10,9,8,7,6,0,0,0,0,0,0,0,0,0,0,0,0,0,0,0,0,0,0,0,0,0,0,0,0,0,0,0,0,0,0,0,0,0,0,0,0,1,0
230,424,2011,Private,Low,17.65422556,180.4554253,9.783150347,0.07473281,1.080938827,1,1,1,1,1,1,1,1,1,1,1,1,1,1,1,20,19,18,17,16,15,14,13,12,11,10,9,8,7,6,0,0,0,0,0,0,0,0,0,0,0,0,0,0,0,0,0,0,0,0,0,0,0,0,0,0,0,0,0,0,0,0,0,0,0,0,1,0
231,425,2011,Private,Moderate,89.94021405,845.3742195,10.63910065,0.287546215,1.446473364,1,1,1,1,1,1,1,1,1,1,1,1,1,1,1,20,19,18,17,16,15,14,13,12,11,10,9,8,7,6,0,0,0,0,0,0,0,0,0,0,0,0,0,0,0,0,0,0,0,0,0,0,0,0,0,0,0,0,0,0,0,0,0,0,0,0,1,0
232,426,2011,Private,Very low,152.440519,1119.413675,13.61788965,0,0.567244544,1,1,1,1,1,1,1,1,1,1,1,1,1,1,1,20,19,18,17,16,15,14,13,12,11,10,9,8,7,6,0,0,0,0,0,0,0,0,0,0,0,0,1,0,1,0,0,0,0,0,0,0,0,0,0,0,0,0,0,0,0,0,0,0,0,0,1,0
233,439,2012,Private,High,4454.517386,16834.46416,26.46070195,0,2.370023928,1,1,1,1,1,1,1,1,1,1,1,1,1,1,1,21,20,19,18,17,16,15,14,13,12,11,10,9,8,7,0,0,0,0,0,0,0,0,0,0,0,0,1,0,1,0,0,0,0,0,0,0,0,0,0,0,0,0,0,0,0,0,0,0,0,0,0,0
234,440,2012,Private,Low,728.8076253,2239.648186,32.54116561,0,2.252443693,1,1,1,1,1,1,1,1,1,1,1,1,1,1,1,21,20,19,18,17,16,15,14,13,12,11,10,9,8,7,0,0,0,0,0,0,0,0,0,0,0,0,1,0,1,0,0,0,0,0,0,0,0,0,0,0,0,0,0,0,0,0,0,0,0,0,0,0
235,441,2012,Private,Moderate,3038.548908,9801.543685,31.00071791,0.261949356,2.844280158,1,1,1,1,1,1,1,1,1,1,1,1,1,1,1,21,20,19,18,17,16,15,14,13,12,11,10,9,8,7,0,0,0,0,0,0,0,0,0,0,0,0,0,0,0,0,0,0,0,0,0,0,0,0,0,0,0,0,0,0,0,0,0,0,0,0,0,0
236,442,2012,Private,Very low,2105.851001,7251.253886,29.04119804,0.150260374,2.213828644,1,1,1,1,1,1,1,1,1,1,1,1,1,1,1,21,20,19,18,17,16,15,14,13,12,11,10,9,8,7,0,0,0,0,0,0,0,0,0,0,0,0,0,0,0,0,0,0,0,0,0,0,0,0,0,0,0,0,0,0,0,0,0,0,0,0,0,0
237,455,2013,Private,High,4090.418972,9495.71139,43.07648795,1.650867068,2.201437817,1,1,1,1,1,1,1,1,1,1,1,1,1,1,1,22,21,20,19,18,17,16,15,14,13,12,11,10,9,8,0,0,0,0,0,0,0,0,0,0,0,0,0,0,0,0,0,0,0,0,0,0,0,0,0,0,0,0,0,0,0,0,0,0,0,0,0,0
238,456,2013,Private,Low,573.5523272,2115.232774,27.11532907,0.697679589,1.523825004,1,1,1,1,1,1,1,1,1,1,1,1,1,1,1,22,21,20,19,18,17,16,15,14,13,12,11,10,9,8,0,0,0,0,0,0,0,0,0,0,0,0,0,0,0,0,0,0,0,0,0,0,0,0,0,0,0,0,0,0,0,0,0,0,0,0,0,0
239,457,2013,Private,Moderate,2506.677711,8724.348757,28.73197508,1.036841074,1.929685595,1,1,1,1,1,1,1,1,1,1,1,1,1,1,1,22,21,20,19,18,17,16,15,14,13,12,11,10,9,8,0,0,0,0,0,0,0,0,0,0,0,0,0,0,0,0,0,0,0,0,0,0,0,0,0,0,0,0,0,0,0,0,0,0,0,0,0,0
240,458,2013,Private,Very low,1462.400315,7025.861816,20.81453284,0.723514691,1.769894745,1,1,1,1,1,1,1,1,1,1,1,1,1,1,1,22,21,20,19,18,17,16,15,14,13,12,11,10,9,8,0,0,0,0,0,0,0,0,0,0,0,0,0,0,0,0,0,0,0,0,0,0,0,0,0,0,0,0,0,0,0,0,0,0,0,0,0,0
241,471,2014,Private,High,6086.979971,26101.67991,23.32026134,0.178150108,1.689637934,1,1,1,1,1,1,1,1,1,1,1,1,1,1,1,23,22,21,20,19,18,17,16,15,14,13,12,11,10,9,0,0,0,0,0,0,0,0,0,0,0,0,0,0,0,0,0,0,0,0,0,0,0,0,0,0,0,0,0,0,0,0,0,0,0,0,0,0
242,472,2014,Private,Low,530.4116969,2202.246268,24.08503103,0.222235198,1.490976559,1,1,1,1,1,1,1,1,1,1,1,1,1,1,1,23,22,21,20,19,18,17,16,15,14,13,12,11,10,9,0,0,0,0,0,0,0,0,0,0,0,0,0,0,0,0,0,0,0,0,0,0,0,0,0,0,0,0,0,0,0,0,0,0,0,0,0,0
243,473,2014,Private,Moderate,3004.841212,12811.05934,23.45505655,1.265735664,2.379040873,1,1,1,1,1,1,1,1,1,1,1,1,1,1,1,23,22,21,20,19,18,17,16,15,14,13,12,11,10,9,0,0,0,0,0,0,0,0,0,0,0,0,0,0,0,0,0,0,0,0,0,0,0,0,0,0,0,0,0,0,0,0,0,0,0,0,0,0
244,474,2014,Private,Very low,1172.272651,7913.621912,14.81335176,0.395194841,2.411619223,1,1,1,1,1,1,1,1,1,1,1,1,1,1,1,23,22,21,20,19,18,17,16,15,14,13,12,11,10,9,0,0,0,0,0,0,0,0,0,0,0,0,0,0,0,0,0,0,0,0,0,0,0,0,0,0,0,0,0,0,0,0,0,0,0,0,0,0
245,487,2015,Private,High,3446.824144,24255.51414,14.21047653,0.601669746,2.331476917,1,1,1,1,1,1,1,1,1,1,1,1,1,1,1,24,23,22,21,20,19,18,17,16,15,14,13,12,11,10,0,0,0,0,0,0,0,0,0,0,0,0,0,0,0,0,0,0,0,0,0,0,0,0,0,0,0,0,0,0,0,0,0,0,0,0,0,0
246,488,2015,Private,Low,197.2460158,3160.998078,6.239991639,0.8207828,2.363172761,1,1,1,1,1,1,1,1,1,1,1,1,1,1,1,24,23,22,21,20,19,18,17,16,15,14,13,12,11,10,0,0,0,0,0,0,0,0,0,0,0,0,0,0,0,0,0,0,0,0,0,0,0,0,0,0,0,0,0,0,0,0,0,0,0,0,0,0
247,489,2015,Private,Moderate,1595.224667,16189.15164,9.853664371,1.792892114,2.923867864,1,1,1,1,1,1,1,1,1,1,1,1,1,1,1,24,23,22,21,20,19,18,17,16,15,14,13,12,11,10,0,0,0,0,0,0,0,0,0,0,0,0,0,0,0,0,0,0,0,0,0,0,0,0,0,0,0,0,0,0,0,0,0,0,0,0,0,0
248,490,2015,Private,Very low,541.8363876,10679.11393,5.073795362,1.183687401,2.512351589,1,1,1,1,1,1,1,1,1,1,1,1,1,1,1,24,23,22,21,20,19,18,17,16,15,14,13,12,11,10,0,0,0,0,0,0,0,0,0,0,0,0,0,0,0,0,0,0,0,0,0,0,0,0,0,0,0,0,0,0,0,0,0,0,0,0,0,0
249,503,2016,Private,High,286.052661,2188.057906,13.0733588,0,0,1,1,1,1,1,1,1,1,1,1,1,1,1,1,1,25,24,23,22,21,20,19,18,17,16,15,14,13,12,11,0,0,0,0,0,0,0,0,0,0,0,0,1,1,1,0,0,0,0,0,0,0,0,0,0,0,0,0,0,0,0,0,0,0,0,0,0,1
250,504,2016,Private,Low,159.8487811,576.6034883,27.72247902,0,0,1,1,1,1,1,1,1,1,1,1,1,1,1,1,1,25,24,23,22,21,20,19,18,17,16,15,14,13,12,11,0,0,0,0,0,0,0,0,0,0,0,0,1,1,1,0,0,0,0,0,0,0,0,0,0,0,0,0,0,0,0,0,0,0,0,0,0,1
251,505,2016,Private,Moderate,492.9245998,2025.037554,24.34150413,0,0,1,1,1,1,1,1,1,1,1,1,1,1,1,1,1,25,24,23,22,21,20,19,18,17,16,15,14,13,12,11,0,0,0,0,0,0,0,0,0,0,0,0,1,1,1,0,0,0,0,0,0,0,0,0,0,0,0,0,0,0,0,0,0,0,0,0,0,1
252,506,2016,Private,Very low,605.4472295,3347.666085,18.08565174,0,0,1,1,1,1,1,1,1,1,1,1,1,1,1,1,1,25,24,23,22,21,20,19,18,17,16,15,14,13,12,11,0,0,0,0,0,0,0,0,0,0,0,0,1,1,1,0,0,0,0,0,0,0,0,0,0,0,0,0,0,0,0,0,0,0,0,0,0,1
253,519,2017,Private,High,3403.326987,11406.04601,29.83792091,0.416669824,2.331872589,1,1,1,1,1,1,1,1,1,1,1,1,1,1,1,26,25,24,23,22,21,20,19,18,17,16,15,14,13,12,0,0,0,0,0,0,0,0,0,0,0,0,0,0,0,0,0,0,0,0,0,0,0,0,0,0,0,0,0,0,0,0,0,0,0,0,0,0
254,520,2017,Private,Low,186.6233476,1483.092592,12.58339153,0.306883906,2.119735575,1,1,1,1,1,1,1,1,1,1,1,1,1,1,1,26,25,24,23,22,21,20,19,18,17,16,15,14,13,12,0,0,0,0,0,0,0,0,0,0,0,0,0,0,0,0,0,0,0,0,0,0,0,0,0,0,0,0,0,0,0,0,0,0,0,0,0,0
255,521,2017,Private,Moderate,1158.379189,8201.143263,14.12460619,1.508562395,2.81471798,1,1,1,1,1,1,1,1,1,1,1,1,1,1,1,26,25,24,23,22,21,20,19,18,17,16,15,14,13,12,0,0,0,0,0,0,0,0,0,0,0,0,0,0,0,0,0,0,0,0,0,0,0,0,0,0,0,0,0,0,0,0,0,0,0,0,0,0
256,522,2017,Private,Very low,600.432315,6175.022309,9.723565115,1.812772604,2.098369124,1,1,1,1,1,1,1,1,1,1,1,1,1,1,1,26,25,24,23,22,21,20,19,18,17,16,15,14,13,12,0,0,0,0,0,0,0,0,0,0,0,0,0,0,0,0,0,0,0,0,0,0,0,0,0,0,0,0,0,0,0,0,0,0,0,0,0,0
