year,owner,severity,harvest_area,analysis_area,harvest_rate
1986,Federal,Very low,77.46815564402861,2414.736670173843,0.03208140937307731
1986,Federal,Low,38.45743087093578,816.7631683406336,0.047085167845003745
1986,Federal,Moderate,281.6044360258933,4003.8363019501085,0.07033365372323915
1986,Federal,High,496.7675995117188,3343.719959270451,0.1485673458192671
1986,Other,Very low,0.0,6.000079071044922,0.0
1986,Other,Low,0.0,3.562622204589844,0.0
1986,Other,Moderate,0.0,42.8781230041504,0.0
1986,Other,High,1.524802587890625,45.740273565673824,0.0333361055591702
1986,Private,Very low,19.121075095430264,553.2509811160819,0.03456130354591874
1986,Private,Low,8.428023129404107,203.13263152824854,0.041490247362015134
1986,Private,Moderate,47.48822782063802,1381.0485994305777,0.03438563120821234
1986,Private,High,173.3685536302993,1637.0987427459359,0.10589987586179746
1987,Federal,Very low,1638.3499618425676,30471.66019302787,0.053766350486457365
1987,Federal,Low,866.0915725775506,9943.064805993388,0.08710509178774495
1987,Federal,Moderate,5959.186658431157,38786.12878819412,0.1536422129409584
1987,Federal,High,9533.488156408597,43065.50534645137,0.22137179349723254
1987,Other,Very low,25.072177073424097,351.7446617063755,0.07127948140504688
1987,Other,Low,11.207812616804537,209.13013292748548,0.05359252853672107
1987,Other,Moderate,57.392685259076295,643.7301830386411,0.08915643039784447
1987,Other,High,79.0599519610476,765.0985036193608,0.10333303697111948
1987,Private,Very low,335.62413685513366,4679.929733466343,0.07171563591117054
1987,Private,Low,164.08425742651846,1833.261263128638,0.08950402254531512
1987,Private,Moderate,950.0928387230249,7557.246184906198,0.12571945064071213
1987,Private,High,1629.2113537367638,8471.920581338823,0.19230720331886048
1988,Federal,Very low,382.21556083716314,3702.340123969345,0.10323620954289392
1988,Federal,Low,132.71651876677868,1538.9978798866662,0.08623567355177389
1988,Federal,Moderate,570.4287845297661,8649.286698851272,0.06595096270834978
1988,Federal,High,715.333316850251,8097.481787071558,0.08834021930032031
1988,Other,Very low,14.609002860227099,239.23320911463122,0.0610659486377037
1988,Other,Low,2.338911248779297,117.52219788933247,0.019901867823998557
1988,Other,Moderate,30.93080097045899,541.4065309571508,0.057130454107704474
1988,Other,High,27.95940706176758,317.0142680244237,0.0881960526130436
1988,Private,Very low,223.44428478173353,3367.7052705945503,0.06634912108632524
1988,Private,Low,113.77001166207108,1308.0091505823234,0.08697952274372153
1988,Private,Moderate,760.4761913749426,7307.807525489215,0.10406352229754891
1988,Private,High,1282.4644817203537,6360.595452666087,0.2016264815557166
1989,Federal,Very low,238.3287646886967,4669.559666968853,0.05103880915679633
1989,Federal,Low,54.80088326437558,1082.4243705025706,0.050627909679206023
1989,Federal,Moderate,329.35883290153953,6495.099190639101,0.05070882264218839
1989,Federal,High,1112.5045119629865,12596.95217035056,0.08831537160087723
1989,Other,Very low,0.0,138.58329160065293,0.0
1989,Other,Low,0.0,14.918487682076247,0.0
1989,Other,Moderate,0.0,86.82323503353344,0.0
1989,Other,High,0.0,47.81522411343444,0.0
1989,Private,Very low,50.20939422925762,1121.3944933356074,0.04477406882916725
1989,Private,Low,22.41404173528933,255.85504158677043,0.08760445600868824
1989,Private,Moderate,146.76053238731237,1409.511074534912,0.10412158871170137
1989,Private,High,570.6400395189712,2351.2294535470755,0.24269857569966258
1990,Federal,Very low,233.801818243504,3271.3521950130444,0.07146947326549526
1990,Federal,Low,142.9889549891573,1270.3412173758713,0.11255948640675288
1990,Federal,Moderate,983.0476286925312,8126.948772520633,0.12096146490014503
1990,Federal,High,3311.374547112343,26568.37085781655,0.12463596525483307
1990,Other,Very low,0.0,62.366928397527936,0.0
1990,Other,Low,0.1253315185546875,20.708510920266544,0.006052174346926646
1990,Other,Moderate,2.2461765065391393,93.60567622482002,0.023996157040138494
1990,Other,High,5.156545544433595,114.31957464822207,0.04510640946925348
1990,Private,Very low,90.91388836736941,1968.1827587228563,0.04619179187727616
1990,Private,Low,44.46217685609108,696.0224745591346,0.06388037524830463
1990,Private,Moderate,339.85863689905506,3734.0833258564794,0.09101527931787712
1990,Private,High,816.037035375115,5181.950148660625,0.1574768208810414
1991,Federal,Very low,13.461365294237323,108.64636006426645,0.12390074813619768
1991,Federal,Low,4.911190748147404,25.10070181358188,0.1956594992690595
1991,Federal,Moderate,19.358692669677733,88.20819445116229,0.21946592139345905
1991,Federal,High,39.5114184753418,234.10579033363496,0.1687759128855047
1991,Other,Very low,0.1209693725585937,4.234999857704313,0.028564197549741634
1991,Other,Low,0.0,0.4138597715130974,0.0
1991,Other,Moderate,0.6048484191894532,2.539639068412033,0.2381631416497496
1991,Other,High,0.241939990234375,1.6288598103841148,0.1485333413544786
1991,Private,Very low,1.3604579461310893,17.432380878571156,0.07804200445180952
1991,Private,Low,0.0683541259765625,4.562144818713618,0.01498289262896223
1991,Private,Moderate,1.9803653049364278,32.216334768688725,0.06147084450032343
1991,Private,High,3.940808648681641,39.92949544074564,0.09869417595145176
1992,Federal,Very low,25.674325198184743,1918.775417965782,0.013380578549105949
1992,Federal,Low,26.289306381812004,821.8716104507985,0.031987120673741556
1992,Federal,Moderate,407.8128288080672,5725.349641294065,0.07122933171918769
1992,Federal,High,3661.179277124239,13595.502040709851,0.26929342264532374
1992,Other,Very low,2.792657878537646,218.62857836409012,0.012773526221658595
1992,Other,Low,0.8965396669874003,98.21137340296127,0.009128674571211809
1992,Other,Moderate,10.596423347550935,471.09490386615823,0.02249318186333313
1992,Other,High,15.006995186887256,200.4321600546923,0.07487318992517103
1992,Private,Very low,818.0121261408551,3984.8411055100605,0.20528098975132145
1992,Private,Low,333.29388468156407,1630.2001784291697,0.204449667649233
1992,Private,Moderate,2321.007923690545,9258.734802300904,0.25068305478560066
1992,Private,High,6931.748801453068,19054.751925084085,0.3637805849536128
1993,Federal,Very low,0.0,0.0,0.0
1993,Federal,Low,0.0,0.0,0.0
1993,Federal,Moderate,0.0,0.0,0.0
1993,Federal,High,0.0,0.0,0.0
1993,Other,Very low,0.0,0.0,0.0
1993,Other,Low,0.0,0.0,0.0
1993,Other,Moderate,0.0,0.0,0.0
1993,Other,High,0.0,0.0,0.0
1993,Private,Very low,0.0,0.0,0.0
1993,Private,Low,0.0,0.0,0.0
1993,Private,Moderate,0.0,0.0,0.0
1993,Private,High,0.0,0.0,0.0
1994,Federal,Very low,216.77380909404678,3258.4544816467287,0.0665265727402445
1994,Federal,Low,38.25159162623985,969.7698903168084,0.03944398770077679
1994,Federal,Moderate,456.62434782355814,7193.420724226147,0.06347805381182967
1994,Federal,High,2257.4211374113675,14084.023463088668,0.1602824039116098
1994,Other,Very low,3.043135516716452,86.70152237438725,0.035098985962159227
1994,Other,Low,2.002386633300781,41.968925218601605,0.04771117256091363
1994,Other,Moderate,34.965393812662754,418.23396576952183,0.0836024729563244
1994,Other,High,105.50150083007813,737.2140940551039,0.14310836116786488
1994,Private,Very low,85.3073096468817,1149.9541929204247,0.07418322414237664
1994,Private,Low,36.61836070614086,323.21832543837604,0.11329295966271696
1994,Private,Moderate,349.96391172449455,2127.3545266972083,0.1645066242286497
1994,Private,High,1043.864769221359,3302.1816298030603,0.3161136746083874
1995,Federal,Very low,0.0663939392089843,42.084432560771866,0.0015776365551111657
1995,Federal,Low,0.0,5.491765815980201,0.0
1995,Federal,Moderate,9.16269154663086,45.78541498788871,0.20012249641189453
1995,Federal,High,35.453395581054686,137.758391967941,0.2573592437788136
1995,Other,Very low,0.0,1.3853312292959175,0.0
1995,Other,Low,0.0,0.3195869906795726,0.0
1995,Other,Moderate,0.0,5.250532824419808,0.0
1995,Other,High,0.0,0.5617630310058592,0.0
1995,Private,Very low,6.763191381596584,237.03444133154773,0.028532526090319043
1995,Private,Low,2.318395057349112,32.30411416379443,0.07176779544530912
1995,Private,Moderate,15.584522031082454,183.75359924931547,0.08481206406159965
1995,Private,High,51.003892864990235,341.5656652098891,0.1493238286513628
1996,Federal,Very low,9.50438363956227,3586.827176782866,0.002649802505424039
1996,Federal,Low,10.264683675656787,1634.6475889487822,0.006279447475438944
1996,Federal,Moderate,271.79150321076037,8052.219607828002,0.03375361284813159
1996,Federal,High,1368.7311421632057,20815.4087679565,0.0657556696301947
1996,Other,Very low,0.3484827941894531,217.54434922071272,0.001601893110245281
1996,Other,Low,0.418172314453125,173.8660577801394,0.0024051405995638357
1996,Other,Moderate,7.894983222081801,637.0313744692335,0.012393397779912805
1996,Other,High,8.613023577880861,322.7754850129969,0.02668425570651392
1996,Private,Very low,48.69665814031863,775.7668549213726,0.0627722850382081
1996,Private,Low,30.301796627508423,464.58959064639816,0.06522271965962169
1996,Private,Moderate,367.8969787747492,3590.976200898317,0.10245040852198248
1996,Private,High,1050.5418855510638,6653.44538262499,0.15789441787475716
1997,Federal,Very low,0.0,91.41284840616866,0.0
1997,Federal,Low,0.0,30.24591740083583,0.0
1997,Federal,Moderate,0.1096662937059589,122.51758219501572,0.000895106577694286
1997,Federal,High,4.30785966796875,48.73654522501627,0.08839074760181284
1997,Other,Very low,0.0,0.0,0.0
1997,Other,Low,0.0,0.0,0.0
1997,Other,Moderate,0.0,0.0,0.0
1997,Other,High,0.0,0.0,0.0
1997,Private,Very low,0.0,36.615466211224735,0.0
1997,Private,Low,0.0,14.693823284912105,0.0
1997,Private,Moderate,0.5201507209329044,92.08490990995517,0.005648598901182957
1997,Private,High,7.296790835391774,124.05037541264551,0.0588211910775721
1998,Federal,Very low,19.98358546920477,223.5578689580939,0.08938887082051541
1998,Federal,Low,3.617943570341223,51.00861849212048,0.07092808386684893
1998,Federal,Moderate,30.74189326552449,310.37779675757315,0.09904668950767785
1998,Federal,High,120.35059556863222,424.81069774339863,0.28330406039192646
1998,Other,Very low,0.358119873046875,18.678530341653264,0.019172807843894708
1998,Other,Low,0.1193745483398437,10.71535031419941,0.011140517560275648
1998,Other,Moderate,1.1487522155761718,75.48121621230182,0.015219047509053648
1998,Other,High,6.3094619812011725,104.72081047748641,0.06025031655534812
1998,Private,Very low,51.980096218692545,418.1406791279635,0.12431245945048339
1998,Private,Low,19.69777943720799,155.65986593197093,0.12654372608682987
1998,Private,Moderate,110.27831104228898,1099.0217520903466,0.10034224603156298
1998,Private,High,136.03098013305666,1909.1463403955077,0.07125225408591562
1999,Federal,Very low,66.73946271596873,10483.279396396507,0.006366277210822938
1999,Federal,Low,19.3464554273179,2316.4533327614936,0.008351757038962048
1999,Federal,Moderate,180.9872927625948,5715.794489320093,0.03166441569947412
1999,Federal,High,387.0268059268966,4181.11946103463,0.09256535469357904
1999,Other,Very low,8.008467150878907,693.0344834665336,0.011555654649132092
1999,Other,Low,3.325101251220703,143.78883763387043,0.023124891374999564
1999,Other,Moderate,23.31332857570274,465.3868778396666,0.0500945120840613
1999,Other,High,33.135564794921876,290.1513791187002,0.11420095570652516
1999,Private,Very low,288.4170859481273,3951.0109966479504,0.07299829997760604
1999,Private,Low,116.13196749035407,1137.5238123691931,0.10209190016732805
1999,Private,Moderate,479.4468679767923,4943.505174919793,0.09698520604554059
1999,Private,High,237.44403099015778,2579.0113576983044,0.09206785006254099
2000,Federal,Very low,133.5678198418352,7509.002494844544,0.017787691498776147
2000,Federal,Low,13.511040017568552,1487.6889687982775,0.009081898367830524
2000,Federal,Moderate,87.44211937880573,7402.989890932977,0.011811730215369192
2000,Federal,High,487.00763971492984,9900.05787484545,0.04919240330426174
2000,Other,Very low,160.63705628590307,1106.657623081988,0.14515515271881166
2000,Other,Low,35.82019557073855,402.70992308572215,0.08894788411537041
2000,Other,Moderate,168.98767654019224,2654.662663073443,0.06365693046081655
2000,Other,High,88.05335519409181,1887.0107703694664,0.04666287897066504
2000,Private,Very low,111.1274592552993,1011.2809219540585,0.10988782329698464
2000,Private,Low,45.123017134052354,337.4871623892272,0.13370291425192507
2000,Private,Moderate,327.6410855654728,2211.8382755910598,0.14813066994146248
2000,Private,High,620.7717453787532,3472.2004623238117,0.17878338307785785
2001,Federal,Very low,48.0196733092783,5730.696983745332,0.008379377490291723
2001,Federal,Low,36.523433879681754,2599.4407485512165,0.014050496784755676
2001,Federal,Moderate,358.4297214881807,13358.141751026851,0.026832304086055078
2001,Federal,High,1543.008573060518,25402.12759998497,0.060743280931374856
2001,Other,Very low,62.585486726505046,563.532439176193,0.11105924411023513
2001,Other,Low,18.57171528272442,169.15740275031595,0.10978955091984427
2001,Other,Moderate,141.68512766151576,1103.9002487657735,0.12834957490038454
2001,Other,High,249.54386445077938,1859.4913125394694,0.13420007007722043
2001,Private,Very low,91.11422240545535,1444.653438961756,0.06306995155248954
2001,Private,Low,80.56851765072095,675.3391976153923,0.11930081644188074
2001,Private,Moderate,681.4963644125546,4190.695894655881,0.1626212880971922
2001,Private,High,1315.3499133773266,7248.112146657859,0.18147482913655538
2002,Federal,Very low,116.63623369121476,36602.835787459066,0.0031865354468294197
2002,Federal,Low,80.52709046690698,8053.271530581296,0.009999301546100287
2002,Federal,Moderate,698.0255488511987,34291.21582737696,0.02035581218132016
2002,Federal,High,3338.3208187698906,54728.989162290076,0.06099730453399447
2002,Other,Very low,6.235872236328126,90.73856708711511,0.06872350353892265
2002,Other,Low,0.1406312072753906,29.829846655943626,0.004714446202068213
2002,Other,Moderate,1.8282448181152344,280.75350565003646,0.006511921601414194
2002,Other,High,32.36928499145508,665.6931045913277,0.04862493657843541
2002,Private,Very low,364.6465435479617,2377.546960946907,0.153370911085068
2002,Private,Low,211.74357315070657,1065.8963657507566,0.19865305854717544
2002,Private,Moderate,1098.5410168745452,5959.398200411593,0.18433757569659853
2002,Private,High,1294.4620498135914,8672.852516073333,0.14925447508931744
2003,Federal,Very low,23.19882795309628,4519.326220162738,0.005133249255076105
2003,Federal,Low,5.750129130500345,1129.6755939239383,0.005090071133188971
2003,Federal,Moderate,92.75793477658739,4577.154225995351,0.020265416063496567
2003,Federal,High,737.2316532323501,7446.215471645533,0.09900756378050794
2003,Other,Very low,20.94131915424422,83.4384644216739,0.250979201251989
2003,Other,Low,12.20358738128064,44.46929261283126,0.2744272882307867
2003,Other,Moderate,52.08868493700215,232.4988629684628,0.22403845021843266
2003,Other,High,14.387950740464154,171.40746875380574,0.0839400455830178
2003,Private,Very low,0.1649849701526118,80.37348311966241,0.002052728882073921
2003,Private,Low,0.0,18.354826298469096,0.0
2003,Private,Moderate,0.0,109.77359519550399,0.0
2003,Private,High,0.0,225.11515667679132,0.0
2004,Federal,Very low,53.95635468067842,4236.9978275782005,0.012734572184456136
2004,Federal,Low,32.74827266333487,1367.2165786788637,0.023952512845462574
2004,Federal,Moderate,303.0345815911267,7333.713066108134,0.0413207578288772
2004,Federal,High,727.7276377533319,10538.238946085205,0.06905590597029228
2004,Other,Very low,1.8416570434570312,140.70672251512724,0.013088621570721586
2004,Other,Low,1.332332781982422,119.97046173756318,0.011105506827980007
2004,Other,Moderate,92.05017048339843,1283.6310316870838,0.07171077062730118
2004,Other,High,297.20587365722656,1979.27403725909,0.15015903208067083
2004,Private,Very low,212.26332931087717,1038.5678573350147,0.20438079978283655
2004,Private,Low,69.5680537097886,324.72107255131743,0.21423941835125093
2004,Private,Moderate,391.8953159551643,1867.1540970455153,0.20988911229944998
2004,Private,High,386.992603729655,3266.5236806320368,0.11847230927001152
2005,Federal,Very low,264.5302401623296,3456.2179335184487,0.0765374884485471
2005,Federal,Low,74.39255249317843,1032.73018238073,0.07203483907256679
2005,Federal,Moderate,168.28748637017947,4810.508499903182,0.03498330506506048
2005,Federal,High,100.5478881585095,5211.578426768177,0.019293173761343856
2005,Other,Very low,9.13643723754883,46.92417432200712,0.19470640388580907
2005,Other,Low,4.152930444335937,19.37535938136681,0.21434082138005608
2005,Other,Moderate,23.68296382446289,100.73876920769189,0.2350928446985094
2005,Other,High,28.88813802490235,258.84110972302005,0.11160567985438977
2005,Private,Very low,100.35137170529833,784.2153467232499,0.12796404982968587
2005,Private,Low,60.59965774842505,322.6837699975106,0.18779890215393405
2005,Private,Moderate,418.8262523802035,2224.562322836818,0.18827355299540707
2005,Private,High,553.9983703496239,4668.978436074769,0.11865515721151473
2006,Federal,Very low,177.68006376007682,21662.620851665535,0.008202149914211134
2006,Federal,Low,45.78103023219689,4392.73760614107,0.010421981537935427
2006,Federal,Moderate,290.4831458134909,15271.608311378748,0.01902112337421949
2006,Federal,High,1220.5718105595847,16964.226460721726,0.07194974751048311
2006,Other,Very low,3.3645647912118957,47.18947091693952,0.07129905730738176
2006,Other,Low,0.0596077453613281,14.232683903186274,0.004188088892214047
2006,Other,Moderate,0.4768519165039062,113.62936692792108,0.004196555251481682
2006,Other,High,8.561807501220704,205.0055869190171,0.041763776440896974
2006,Private,Very low,67.52338985914044,1155.9128622374767,0.05841564019664666
2006,Private,Low,73.37461118616442,430.8878990805712,0.1702870081585749
2006,Private,Moderate,634.1672108100443,2718.2206225894943,0.23330233224627264
2006,Private,High,232.85718332667932,1816.0426613027776,0.12822230902859638
2007,Federal,Very low,105.30387740775315,16842.941658233205,0.0062521072354530345
2007,Federal,Low,35.5735672762523,6142.357076100476,0.005791517301178534
2007,Federal,Moderate,410.0244866106819,28847.253106383614,0.014213640553524575
2007,Federal,High,1850.5754341668342,33076.0178356121,0.05594916060827512
2007,Other,Very low,146.5695886612238,1927.8580189583095,0.07602716964624842
2007,Other,Low,50.14660295343137,703.9047806680596,0.07124060573340388
2007,Other,Moderate,147.00033955779432,3175.797565959113,0.046287691990657215
2007,Other,High,132.85047496337893,4255.035571317569,0.031221942269742738
2007,Private,Very low,620.8937554686781,2171.953398693607,0.2858688201331277
2007,Private,Low,173.533437437433,588.2640388635733,0.2949924285235424
2007,Private,Moderate,1037.423295400319,3375.9800493282546,0.30729544613474336
2007,Private,High,3436.0469211985874,7737.62566277576,0.4440699344927932
2008,Federal,Very low,125.35680335059075,60315.95464160986,0.0020783357255214773
2008,Federal,Low,54.91193766077379,15697.104267954583,0.0034982208643969917
2008,Federal,Moderate,504.2725047044702,42027.321039515315,0.0119986830526347
2008,Federal,High,2017.7141767457015,36121.4076059101,0.05585923446725171
2008,Other,Very low,2.861401717313879,711.7478435790774,0.004020246416097456
2008,Other,Low,1.1379955305271523,255.21485377460561,0.004458970603381021
2008,Other,Moderate,4.923319605114507,686.1692670435289,0.007175080321401489
2008,Other,High,1.4938658935546876,270.8519636316158,0.005515433130056558
2008,Private,Very low,1471.2484114639822,15169.4744822955,0.09698743441515369
2008,Private,Low,578.644078521154,4921.4216866704,0.11757661004510205
2008,Private,Moderate,2496.531675019627,19928.5815649594,0.12527392714237628
2008,Private,High,2505.457529714954,16935.160088282566,0.14794413023874983
2009,Federal,Very low,43.98866563388002,9151.84779790475,0.00480653378478944
2009,Federal,Low,25.168626229295917,2833.5807629083133,0.008882268879981912
2009,Federal,Moderate,475.58600255100623,9383.886685571004,0.050681132294818104
2009,Federal,High,870.2246861877202,7797.29758508916,0.11160593483720031
2009,Other,Very low,22.052447510124658,492.7494198532763,0.04475387818151285
2009,Other,Low,6.165874413416246,173.73761844463277,0.03548957599750457
2009,Other,Moderate,58.45661662983016,923.1710897970763,0.06332154166859753
2009,Other,High,86.1035929936667,1064.754443083209,0.08086708964025222
2009,Private,Very low,57.070102967026656,847.7642537171367,0.06731836441179856
2009,Private,Low,61.355108223805146,353.4466028023035,0.1735908839902571
2009,Private,Moderate,432.50107759018846,1510.133104731206,0.28639930893189103
2009,Private,High,426.1132742769847,1486.7025144985782,0.2866163675122998
2010,Federal,Very low,12.849845139423445,4209.585337879229,0.003052520404752536
2010,Federal,Low,1.787109354607077,508.6553301839194,0.0035133994446905625
2010,Federal,Moderate,14.308534578211168,2073.642641921435,0.00690019306554812
2010,Federal,High,117.49872074355181,3742.6825532315847,0.031394252403826935
2010,Other,Very low,0.6946214294433595,249.14429903897155,0.0027880285927582298
2010,Other,Low,1.8756332641601563,63.165258369691145,0.029694064626198845
2010,Other,Moderate,19.10348868408203,268.3032975511977,0.07120109539629008
2010,Other,High,8.804537701416015,112.3858597529632,0.07834204161243578
2010,Private,Very low,12.186776715087891,451.70849853912944,0.02697929473211407
2010,Private,Low,3.190473779296875,97.42296384985832,0.03274868319766803
2010,Private,Moderate,30.973368133544923,794.8140608049462,0.03896932585990831
2010,Private,High,134.19295762939456,2022.3792948687387,0.06635400093833747
2011,Federal,Very low,6.091005611691942,796.7779955538163,0.0076445454639573335
2011,Federal,Low,1.691047973943972,211.3872432828058,0.007999763598229967
2011,Federal,Moderate,39.3065926206342,1340.5803194515213,0.02932058008782041
2011,Federal,High,353.7442189980182,2016.0296224866202,0.17546578435772262
2011,Other,Very low,78.24687464963428,3058.600126637584,0.02558257745697982
2011,Other,Low,29.10898910522461,480.98697588364547,0.060519287558144404
2011,Other,Moderate,243.3302024353028,2085.0094842465387,0.11670460219668266
2011,Other,High,345.541351159668,1899.613813301045,0.18190084149746477
2011,Private,Very low,152.44051895718445,1119.413674962039,0.13617889647663445
2011,Private,Low,17.65422556331859,180.4554252630017,0.09783150347288666
2011,Private,Moderate,89.94021404878505,845.374219522394,0.106391006458179
2011,Private,High,187.20780151367185,1608.6357319312,0.11637675192563643
2012,Federal,Very low,252.16659038954788,31041.150484067075,0.008123622560928627
2012,Federal,Low,92.95739969276579,7965.193844598317,0.011670450400376115
2012,Federal,Moderate,858.689388910654,30372.8393365158,0.02827162055535233
2012,Federal,High,3005.4051920548745,38628.746713602915,0.0778022961587966
2012,Other,Very low,19.48443728075215,2197.035686347127,0.008868511969028459
2012,Other,Low,12.818283441162109,545.1346370195455,0.02351397722816596
2012,Other,Moderate,56.1430474975586,2056.4419773449463,0.027301060820614245
2012,Other,High,48.264009576416015,2155.552076818967,0.022390556041513555
2012,Private,Very low,2105.851001381214,7251.253886472698,0.29041198037620836
2012,Private,Low,728.807625265491,2239.648185755136,0.3254116561256967
2012,Private,Moderate,3038.5489082598756,9801.543684793247,0.31000717907058645
2012,Private,High,4454.517385793385,16834.464155460566,0.26460701954380184
2013,Federal,Very low,396.1511316166179,42003.37733640762,0.00943141139446524
2013,Federal,Low,143.58147217960135,10315.133403438937,0.013919497360231238
2013,Federal,Moderate,1266.661025549149,35127.69941639376,0.03605875268216427
2013,Federal,High,4036.5714975278843,38776.65581811142,0.10409797885774671
2013,Other,Very low,156.43510982656443,1762.5124971221333,0.08875687978496317
2013,Other,Low,82.23326895491059,779.2467358908738,0.1055291798699643
2013,Other,Moderate,327.985199903732,3975.1242446274,0.08250942101923534
2013,Other,High,548.4547426393517,5152.422711717338,0.10644599120178709
2013,Private,Very low,1462.400314746405,7025.861815797935,0.20814532837212063
2013,Private,Low,573.5523271725883,2115.2327736721386,0.27115329069758876
2013,Private,Moderate,2506.6777109837194,8724.348756542562,0.28731975084144956
2013,Private,High,4090.4189723036825,9495.711390223987,0.4307648794501953
2014,Federal,Very low,558.8666848041848,26334.232373367187,0.02122206096158656
2014,Federal,Low,74.26701623592602,6480.5456611286245,0.011459994284338087
2014,Federal,Moderate,504.0551685431746,32628.19130046334,0.015448455720437581
2014,Federal,High,3281.872871848073,47155.919458034914,0.06959620148576857
2014,Other,Very low,207.71268890732713,3544.0657975155796,0.058608587078980166
2014,Other,Low,97.63850108601889,1150.3973286536364,0.08487372028261729
2014,Other,Moderate,546.5795194569787,6374.636616279848,0.08574285129619752
2014,Other,High,690.2708449556479,8645.591181871985,0.07984079173243849
2014,Private,Very low,1172.2726508262006,7913.621911969381,0.1481335176062852
2014,Private,Low,530.4116968949381,2202.246267860323,0.24085031026538192
2014,Private,Moderate,3004.8412121647375,12811.059335032938,0.23455056553736678
2014,Private,High,6086.9799706477625,26101.679912778058,0.23320261343285748
2015,Federal,Very low,306.29364453007713,45071.307912716904,0.006795756740035852
2015,Federal,Low,87.51324105114506,12052.68496513854,0.007260891768454112
2015,Federal,Moderate,884.4855693874704,45896.46167317282,0.01927132369562305
2015,Federal,High,3248.658697862142,56568.371971650675,0.05742888799221962
2015,Other,Very low,200.56518512855683,4255.762811536642,0.047127904916331106
2015,Other,Low,90.66033575894227,1727.6193018311026,0.05247703337352821
2015,Other,Moderate,723.898718125838,10239.063640269369,0.07069969907002098
2015,Other,High,1892.9513617002003,15987.342319757687,0.11840312941575214
2015,Private,Very low,541.8363875704417,10679.113934664878,0.05073795362474941
2015,Private,Low,197.24601580099667,3160.9980782816815,0.062399916392299616
2015,Private,Moderate,1595.2246671325922,16189.151640208047,0.09853664370964481
2015,Private,High,3446.8241441684377,24255.514140807172,0.14210476529827681
2016,Federal,Very low,76.2605770051844,11590.959529332415,0.006579315268265514
2016,Federal,Low,20.45995861560298,2243.0818783391737,0.009121360576793556
2016,Federal,Moderate,180.5536713464595,8774.209611119908,0.020577770460103506
2016,Federal,High,1031.6460644510666,15096.444914516482,0.06833702042386507
2016,Other,Very low,0.1369950073242187,53.753998846794566,0.0025485547171043245
2016,Other,Low,0.0,20.746849694154033,0.0
2016,Other,Moderate,0.0684969665527343,105.94273753602273,0.0006465470701042051
2016,Other,High,0.1369888122558593,55.83315560606714,0.002453538775819673
2016,Private,Very low,605.4472295354865,3347.6660849354726,0.1808565173987945
2016,Private,Low,159.84878107599,576.603488299752,0.2772247902060754
2016,Private,Moderate,492.92459979520913,2025.037554149601,0.24341504125942448
2016,Private,High,286.0526609680176,2188.0579064920585,0.13073358804595048
2017,Federal,Very low,319.31778829774146,63319.43788438706,0.005042966251228787
2017,Federal,Low,78.1941191660204,10287.654178066094,0.007600772519427707
2017,Federal,Moderate,628.4579356941014,38990.10228277466,0.016118396692992167
2017,Federal,High,3352.1670954372985,46652.94380487447,0.07185328131613104
2017,Other,Very low,7.906558103482116,1529.8549357533889,0.0051681750463408935
2017,Other,Low,4.6885263488769535,467.53739232414694,0.010028131280730516
2017,Other,Moderate,32.44391855873258,1344.4747911924114,0.024131295559627522
2017,Other,High,140.75937295209098,667.8675705332798,0.2107594067484026
2017,Private,Very low,600.4323150099332,6175.022308533219,0.09723565114577806
2017,Private,Low,186.62334755198762,1483.0925919191845,0.12583391527193127
2017,Private,Moderate,1158.3791892363427,8201.143263243292,0.14124606192749772
2017,Private,High,3403.32698745493,11406.046008939784,0.2983792091306211
1986,Total,Very low,96.58923073945887,2973.9877303609696,0.03247801924446248
1986,Total,Low,46.88545400033989,1023.458422073472,0.045810804805682746
1986,Total,Moderate,329.0926638465313,5427.763024384836,0.06063136182770793
1986,Total,High,671.6609557299087,5026.55897558206,0.1336224162479129
1987,Total,Very low,1999.0462757711255,35503.33458820059,0.056305873770952815
1987,Total,Low,1041.3836426208736,11985.456202049512,0.0868872761341197
1987,Total,Moderate,6966.672182413258,46987.10515613896,0.14826774620957997
1987,Total,High,11241.759462106409,52302.524431409554,0.214937225006205
1988,Total,Very low,620.2688484791238,7309.278603678526,0.08486047421519304
1988,Total,Low,248.82544167762907,2964.529228358322,0.08393421771571537
1988,Total,Moderate,1361.8357768751675,16498.50075529764,0.08254300175959228
1988,Total,High,2025.7572056323725,14775.091507762068,0.13710623751928336
1989,Total,Very low,288.5381589179543,5929.537451905113,0.04866115801751945
1989,Total,Low,77.2149249996649,1353.1978997714173,0.05706107363358166
1989,Total,Moderate,476.1193652888519,7991.433500207546,0.059578718295845996
1989,Total,High,1683.1445514819575,14995.99684801107,0.1122395909082359
1990,Total,Very low,324.7157066108734,5301.901882133428,0.061245136901743505
1990,Total,Low,187.57646336380304,1987.0722028552723,0.09439841345184632
1990,Total,Moderate,1325.1524420981254,11954.637774601932,0.11084839767487231
1990,Total,High,4132.568128031891,31864.640581125397,0.1296913460395271
1991,Total,Very low,14.942792612927008,130.3137408005419,0.11466782030145566
1991,Total,Low,4.979544874123967,30.076706403808593,0.16556150820734183
1991,Total,Moderate,21.943906393803616,122.96416828826305,0.17845773040452603
1991,Total,High,43.694167114257816,275.6641455847647,0.15850507878552592
1992,Total,Very low,846.4791092175775,6122.245101839932,0.1382628586632677
1992,Total,Low,360.4797307303635,2550.283162282929,0.14134890433408734
1992,Total,Moderate,2739.4171758461634,15455.179347461126,0.17724913533896822
1992,Total,High,10607.935073764194,32850.68612584863,0.3229136534051664
1993,Total,Very low,0.0,0.0,0.0
1993,Total,Low,0.0,0.0,0.0
1993,Total,Moderate,0.0,0.0,0.0
1993,Total,High,0.0,0.0,0.0
1994,Total,Very low,305.1242542576449,4495.11019694154,0.06787914887275745
1994,Total,Low,76.87233896568151,1334.957140973786,0.057584125067571004
1994,Total,Moderate,841.5536533607154,9739.009216692877,0.08641060241716107
1994,Total,High,3406.7874074628044,18123.41918694683,0.18797707939771657
1995,Total,Very low,6.829585320805568,280.5042051216155,0.02434753275033624
1995,Total,Low,2.318395057349112,38.1154669704542,0.06082557139195624
1995,Total,Moderate,24.747213577713314,234.789547061624,0.10540168370961608
1995,Total,High,86.45728844604491,479.885820208836,0.18016220693585103
1996,Total,Very low,58.549524574070354,4580.138380924951,0.01278335275150494
1996,Total,Low,40.98465261761834,2273.1032373753196,0.018030264505250547
1996,Total,Moderate,647.5834652075914,12280.227183195553,0.052733834280668225
1996,Total,High,2427.8860512921506,27791.629635594487,0.08736033414113306
1997,Total,Very low,0.0,128.0283146173934,0.0
1997,Total,Low,0.0,44.939740685747935,0.0
1997,Total,Moderate,0.6298170146388633,214.6024921049709,0.002934807552611243
1997,Total,High,11.604650503360524,172.78692063766178,0.0671616257789312
1998,Total,Very low,72.32180156094418,660.3770784277107,0.10951591738031685
1998,Total,Low,23.435097555889058,217.38383473829083,0.10780515296412291
1998,Total,Moderate,142.16895652338965,1484.8807650602216,0.09574435865065824
1998,Total,High,262.69103768289006,2438.6778486163926,0.10771863033566748
1999,Total,Very low,363.16501581497494,15127.324876510991,0.024007219966491283
1999,Total,Low,138.80352416889266,3597.765982764557,0.038580476004788596
1999,Total,Moderate,683.7474893150899,11124.686542079553,0.061462180235711705
1999,Total,High,657.6064017119763,7050.282197851635,0.09327377022048315
2000,Total,Very low,405.33233538303756,9626.941039880592,0.042103959472059374
2000,Total,Low,94.45425272235946,2227.886054273227,0.04239635709429134
2000,Total,Moderate,584.0708814844708,12269.49082959748,0.04760351424490466
2000,Total,High,1195.8327402877749,15259.269107538728,0.07836762900373666
2001,Total,Very low,201.7193824412387,7738.88286188328,0.02606569785863766
2001,Total,Low,135.66366681312712,3443.9373489169247,0.03939202519342916
2001,Total,Moderate,1181.6112135622511,18652.737894448503,0.06334786990782337
2001,Total,High,3107.902350888624,34509.7310591823,0.09005872417721082
2002,Total,Very low,487.5186494755046,39071.12131549309,0.012477723522160245
2002,Total,Low,292.41129482488896,9148.997742987996,0.03196101945144753
2002,Total,Moderate,1798.3948105438592,40531.36753343859,0.044370444916771536
2002,Total,High,4665.152153574937,64067.53478295474,0.07281616452668797
2003,Total,Very low,44.30513207749311,4683.138167704074,0.009460564794571046
2003,Total,Low,17.953716511780986,1192.4997128352386,0.015055531098699355
2003,Total,Moderate,144.84661971358955,4919.426684159318,0.029443800876228002
2003,Total,High,751.6196039728143,7842.73809707613,0.09583637687111181
2004,Total,Very low,268.0613410350126,5416.272407428343,0.049491849905364836
2004,Total,Low,103.64865915510589,1811.9081129677443,0.057204147612838166
2004,Total,Moderate,786.9800680296894,10484.498194840733,0.07506130035073598
2004,Total,High,1411.9261151402134,15784.03666397633,0.08945278987868997
2005,Total,Very low,374.01804910517683,4287.357454563706,0.08723743076450294
2005,Total,Low,139.14514068593942,1374.7893117596075,0.10121197444272102
2005,Total,Moderate,610.7967025748459,7135.809591947693,0.0855959922563084
2005,Total,High,683.4343965330357,10139.397972565966,0.06740384373729043
2006,Total,Very low,248.56801841042915,22865.72318481995,0.010870770034312667
2006,Total,Low,119.21524916372263,4837.858189124828,0.024642154545106407
2006,Total,Moderate,925.1272085400392,18103.458300896164,0.05110223655411979
2006,Total,High,1461.9908013874847,18985.27470894352,0.07700656555149948
2007,Total,Very low,872.767221537655,20942.75307588512,0.04167394890133223
2007,Total,Low,259.2536076671167,7434.525895632109,0.03487157235129572
2007,Total,Moderate,1594.4481215687952,35399.030721670984,0.04504214067626116
2007,Total,High,5419.4728303288,45068.67906970543,0.12024920503986322
2008,Total,Very low,1599.4666165318868,76197.17696748444,0.020991153218372197
2008,Total,Low,634.694011712455,20873.740808399587,0.030406337682273715
2008,Total,Moderate,3005.7274993292117,62642.071871518245,0.04798256841654434
2008,Total,High,4524.66557235421,53327.419657824285,0.08484688742464486
2009,Total,Very low,123.11121611103133,10492.361471475162,0.011733413535715963
2009,Total,Low,92.68960886651732,3360.7649841552493,0.027579913889698975
2009,Total,Moderate,966.5436967710249,11817.190880099286,0.08179132473849861
2009,Total,High,1382.4415534583718,10348.754542670948,0.1335853070780798
2010,Total,Very low,25.731243283954697,4910.43813545733,0.005240111487843485
2010,Total,Low,6.8532163980641085,669.2435524034688,0.010240242694086486
2010,Total,Moderate,64.38539139583813,3136.760000277579,0.02052608149496312
2010,Total,High,260.4962160743624,5877.447707853286,0.04432131581984037
2011,Total,Very low,236.77839921851069,4974.791797153439,0.047595639953011616
2011,Total,Low,48.45426264248717,872.8296444294529,0.05551399743550246
2011,Total,Moderate,372.57700910472204,4270.964023220454,0.08723487415934404
2011,Total,High,886.4933716713581,5524.279167718865,0.16047222538129202
2012,Total,Very low,2377.502029051514,40489.4400568869,0.05871906417355163
2012,Total,Low,834.5833083994189,10749.976667372997,0.07763582510206214
2012,Total,Moderate,3953.381344668088,42230.82499865399,0.09361364228129791
2012,Total,High,7508.186587424676,57618.76294588245,0.1303080143264552
2013,Total,Very low,2014.9865561895872,50791.75164932769,0.03967153111988132
2013,Total,Low,799.3670683071002,13209.612913001947,0.06051404182482137
2013,Total,Moderate,4101.3239364366,47827.17241756372,0.08575300878398695
2013,Total,High,8675.445212470919,53424.789920052746,0.16238613620106404
2014,Total,Very low,1938.8520245377126,37791.92008285215,0.05130334791900279
2014,Total,Low,702.317214216883,9833.189257642583,0.0714231360563945
2014,Total,Moderate,4055.475900164891,51813.88725177613,0.07827005683743354
2014,Total,High,10059.123687451483,81903.19055268494,0.12281723849305802
2015,Total,Very low,1048.6952172290758,60006.18465891843,0.01747645218888639
2015,Total,Low,375.419592611084,16941.302345251323,0.022160019634872685
2015,Total,Moderate,3203.6089546459007,72324.67695365023,0.04429482563328912
2015,Total,High,8588.43420373078,96811.22843221553,0.08871320344565359
2016,Total,Very low,681.8448015479951,14992.379613114681,0.04547942482403173
2016,Total,Low,180.30873969159296,2840.43221633308,0.06347933200263677
2016,Total,Moderate,673.5467681082214,10905.189902805532,0.06176387335858689
2016,Total,High,1317.83571423134,17340.33597661461,0.07599828031063467
2017,Total,Very low,927.6566614111567,71024.31512867367,0.013061113785195047
2017,Total,Low,269.50599306688497,12238.284162309425,0.022021550528863343
2017,Total,Moderate,1819.2810434891767,48535.720337210354,0.037483342800918695
2017,Total,High,6896.25345584432,58726.85738434753,0.11742929492567022
